timestamp,open,high,low,close,volume
2025-08-22 14:00:00,3.734,3.958,3.734,3.927,22552726.0
2025-08-22 15:00:00,3.926,4.003,3.926,3.958,6670839.0
2025-08-22 16:00:00,3.959,4.069,3.959,4.04,7585322.8
2025-08-22 17:00:00,4.04,4.109,4.04,4.067,5770570.9
2025-08-22 18:00:00,4.066,4.089,4.051,4.079,2957821.5
2025-08-22 19:00:00,4.079,4.116,4.073,4.098,2250708.9
2025-08-22 20:00:00,4.099,4.133,4.099,4.132,2104899.4
2025-08-22 21:00:00,4.132,4.204,4.131,4.196,4498626.6
2025-08-22 22:00:00,4.195,4.198,4.158,4.182,2273708.9
2025-08-22 23:00:00,4.181,4.2,4.172,4.181,1150991.9
2025-08-23 00:00:00,4.181,4.193,4.139,4.145,2155446.4
2025-08-23 01:00:00,4.145,4.153,4.075,4.112,3207030.6
2025-08-23 02:00:00,4.112,4.125,4.026,4.063,2820068.7
2025-08-23 03:00:00,4.063,4.073,4.039,4.049,1280068.0
2025-08-23 04:00:00,4.049,4.129,4.047,4.129,1757833.3
2025-08-23 05:00:00,4.128,4.18,4.121,4.178,2187803.9
2025-08-23 06:00:00,4.178,4.186,4.148,4.162,2130353.9
2025-08-23 07:00:00,4.162,4.185,4.135,4.146,1532391.7
2025-08-23 08:00:00,4.147,4.165,4.131,4.146,1717752.7
2025-08-23 09:00:00,4.145,4.163,4.127,4.154,1338562.9
2025-08-23 10:00:00,4.155,4.161,4.123,4.127,1115677.1
2025-08-23 11:00:00,4.127,4.149,4.122,4.142,1315332.0
2025-08-23 12:00:00,4.142,4.168,4.121,4.149,1680887.2
2025-08-23 13:00:00,4.148,4.161,4.125,4.132,2186083.0
2025-08-23 14:00:00,4.133,4.174,4.123,4.149,1816268.2
2025-08-23 15:00:00,4.149,4.167,4.148,4.156,1115781.4
2025-08-23 16:00:00,4.156,4.162,4.134,4.15,1085200.9
2025-08-23 17:00:00,4.149,4.165,4.144,4.149,870917.9
2025-08-23 18:00:00,4.149,4.169,4.148,4.169,680336.2
2025-08-23 19:00:00,4.169,4.24,4.165,4.235,3587838.7
2025-08-23 20:00:00,4.236,4.267,4.189,4.212,4289291.4
2025-08-23 21:00:00,4.211,4.216,4.179,4.202,1665704.8
2025-08-23 22:00:00,4.203,4.24,4.202,4.236,1210594.6
2025-08-23 23:00:00,4.236,4.244,4.215,4.228,1069336.4
2025-08-24 00:00:00,4.227,4.24,4.215,4.219,1256261.4
2025-08-24 01:00:00,4.22,4.221,4.181,4.189,1300536.4
2025-08-24 02:00:00,4.189,4.189,4.161,4.166,1469468.0
2025-08-24 03:00:00,4.165,4.17,4.138,4.163,1066087.4
2025-08-24 04:00:00,4.162,4.174,4.147,4.16,711734.2
2025-08-24 05:00:00,4.16,4.16,4.127,4.135,751532.3
2025-08-24 06:00:00,4.134,4.135,4.078,4.08,2139469.1
2025-08-24 07:00:00,4.08,4.116,4.076,4.088,1657903.9
2025-08-24 08:00:00,4.088,4.113,4.079,4.103,1030071.9
2025-08-24 09:00:00,4.102,4.11,4.073,4.073,1156704.7
2025-08-24 10:00:00,4.074,4.076,4.028,4.041,2508832.9
2025-08-24 11:00:00,4.04,4.055,4.013,4.035,2826570.7
2025-08-24 12:00:00,4.035,4.055,4.031,4.055,1277417.3
2025-08-24 13:00:00,4.054,4.064,4.031,4.035,1370545.8
2025-08-24 14:00:00,4.035,4.063,4.02,4.06,1559868.2
2025-08-24 15:00:00,4.059,4.106,4.051,4.06,2543533.4
2025-08-24 16:00:00,4.061,4.082,4.041,4.072,1500859.9
2025-08-24 17:00:00,4.073,4.151,4.072,4.143,2429147.7
2025-08-24 18:00:00,4.143,4.268,4.128,4.251,6054493.3
2025-08-24 19:00:00,4.25,4.284,4.053,4.135,18588140.2
2025-08-24 20:00:00,4.134,4.156,4.04,4.119,7377675.6
2025-08-24 21:00:00,4.12,4.161,4.093,4.122,2462712.4
2025-08-24 22:00:00,4.123,4.13,4.061,4.115,2186853.5
2025-08-24 23:00:00,4.116,4.135,4.103,4.11,1232812.5
2025-08-25 00:00:00,4.11,4.14,4.033,4.064,4846034.4
2025-08-25 01:00:00,4.063,4.112,4.049,4.089,2576203.3
2025-08-25 02:00:00,4.088,4.145,4.087,4.128,2383024.5
2025-08-25 03:00:00,4.127,4.147,4.093,4.101,1638664.4
2025-08-25 04:00:00,4.1,4.11,4.057,4.06,1745816.4
2025-08-25 05:00:00,4.061,4.079,4.028,4.03,2139617.2
2025-08-25 06:00:00,4.029,4.037,3.965,3.967,4437318.9
2025-08-25 07:00:00,3.967,3.991,3.893,3.912,4953656.8
2025-08-25 08:00:00,3.911,3.937,3.877,3.925,3804773.6
2025-08-25 09:00:00,3.925,3.932,3.895,3.92,2002938.7
2025-08-25 10:00:00,3.921,3.921,3.85,3.866,4115954.3
2025-08-25 11:00:00,3.867,3.899,3.86,3.899,1663861.6
2025-08-25 12:00:00,3.898,3.908,3.879,3.908,1533785.1
2025-08-25 13:00:00,3.907,3.909,3.859,3.889,2577079.3
2025-08-25 14:00:00,3.889,3.929,3.879,3.905,2137297.2
2025-08-25 15:00:00,3.904,3.913,3.859,3.867,1569489.7
2025-08-25 16:00:00,3.868,3.894,3.844,3.861,1910564.7
2025-08-25 17:00:00,3.861,3.864,3.831,3.845,2200979.1
2025-08-25 18:00:00,3.846,3.859,3.828,3.841,1384983.6
2025-08-25 19:00:00,3.841,3.849,3.768,3.776,5121231.6
2025-08-25 20:00:00,3.776,3.795,3.7,3.7,10343966.5
2025-08-25 21:00:00,3.701,3.737,3.686,3.709,5233788.4
2025-08-25 22:00:00,3.708,3.759,3.705,3.741,2235583.6
2025-08-25 23:00:00,3.741,3.741,3.709,3.73,1769414.8
2025-08-26 00:00:00,3.731,3.749,3.704,3.73,2969359.1
2025-08-26 01:00:00,3.73,3.789,3.714,3.789,2662248.6
2025-08-26 02:00:00,3.788,3.809,3.764,3.776,1881367.3
2025-08-26 03:00:00,3.776,3.798,3.76,3.787,1147330.9
2025-08-26 04:00:00,3.787,3.813,3.785,3.8,1252201.0
2025-08-26 05:00:00,3.8,3.812,3.789,3.79,944785.5
2025-08-26 06:00:00,3.79,3.801,3.76,3.767,2022884.5
2025-08-26 07:00:00,3.767,3.813,3.754,3.793,2420443.0
2025-08-26 08:00:00,3.793,3.798,3.762,3.773,1934124.3
2025-08-26 09:00:00,3.773,3.792,3.768,3.783,1037464.2
2025-08-26 10:00:00,3.783,3.812,3.781,3.797,1647639.0
2025-08-26 11:00:00,3.796,3.803,3.758,3.78,1297921.0
2025-08-26 12:00:00,3.779,3.853,3.757,3.823,4617556.9
2025-08-26 13:00:00,3.823,3.836,3.759,3.807,4575663.8
2025-08-26 14:00:00,3.807,3.85,3.783,3.837,3830088.3
2025-08-26 15:00:00,3.836,3.852,3.8,3.811,2124729.9
2025-08-26 16:00:00,3.811,3.849,3.802,3.848,1478904.3
2025-08-26 17:00:00,3.847,3.849,3.809,3.829,1257826.1
2025-08-26 18:00:00,3.829,3.865,3.827,3.856,1367147.2
2025-08-26 19:00:00,3.856,3.913,3.846,3.906,2050214.5
2025-08-26 20:00:00,3.905,3.922,3.884,3.895,1953400.7
2025-08-26 21:00:00,3.895,3.906,3.878,3.903,1211207.4
2025-08-26 22:00:00,3.903,3.911,3.88,3.895,1470342.2
2025-08-26 23:00:00,3.895,3.91,3.88,3.886,1164188.4
2025-08-27 00:00:00,3.886,3.89,3.863,3.869,1048912.2
2025-08-27 01:00:00,3.868,3.872,3.848,3.87,1079750.3
2025-08-27 02:00:00,3.871,3.886,3.846,3.872,840448.3
2025-08-27 03:00:00,3.871,3.91,3.852,3.891,1549910.7
2025-08-27 04:00:00,3.89,3.924,3.885,3.919,1590302.3
2025-08-27 05:00:00,3.919,3.924,3.89,3.896,1256693.6
2025-08-27 06:00:00,3.896,3.903,3.875,3.877,974653.7
2025-08-27 07:00:00,3.878,3.878,3.846,3.85,1796707.8
2025-08-27 08:00:00,3.851,3.868,3.836,3.867,1105783.7
2025-08-27 09:00:00,3.867,3.885,3.862,3.865,977334.4
2025-08-27 10:00:00,3.864,3.878,3.853,3.865,950292.9
2025-08-27 11:00:00,3.864,3.888,3.864,3.882,770742.1
2025-08-27 12:00:00,3.882,3.893,3.858,3.876,830526.0
2025-08-27 13:00:00,3.877,3.909,3.854,3.873,1946450.0
2025-08-27 14:00:00,3.873,3.933,3.862,3.902,3165416.2
2025-08-27 15:00:00,3.902,3.931,3.895,3.911,1986887.4
2025-08-27 16:00:00,3.911,3.914,3.868,3.893,1535517.9
2025-08-27 17:00:00,3.893,3.911,3.876,3.907,980545.7
2025-08-27 18:00:00,3.906,3.916,3.881,3.881,1026089.9
2025-08-27 19:00:00,3.882,3.89,3.841,3.865,1897494.5
2025-08-27 20:00:00,3.865,3.91,3.822,3.903,9381302.8
2025-08-27 21:00:00,3.904,3.913,3.857,3.865,1561103.4
2025-08-27 22:00:00,3.866,3.875,3.83,3.858,1348492.8
2025-08-27 23:00:00,3.858,3.861,3.827,3.837,1006812.5
2025-08-28 00:00:00,3.836,3.856,3.806,3.836,1543718.8
2025-08-28 01:00:00,3.836,3.872,3.834,3.861,1078535.2
2025-08-28 02:00:00,3.861,3.875,3.842,3.848,722024.8
2025-08-28 03:00:00,3.847,3.877,3.841,3.873,936367.2
2025-08-28 04:00:00,3.874,3.929,3.865,3.915,2171250.6
2025-08-28 05:00:00,3.914,3.941,3.912,3.932,2001658.9
2025-08-28 06:00:00,3.933,3.934,3.911,3.928,1170212.6
2025-08-28 07:00:00,3.929,3.936,3.901,3.933,1304011.3
2025-08-28 08:00:00,3.933,3.989,3.932,3.976,4634983.5
2025-08-28 09:00:00,3.976,3.982,3.931,3.935,1636803.4
2025-08-28 10:00:00,3.935,3.964,3.929,3.961,997466.6
2025-08-28 11:00:00,3.961,3.964,3.94,3.963,1332025.5
2025-08-28 12:00:00,3.963,3.985,3.957,3.969,2254235.7
2025-08-28 13:00:00,3.97,3.984,3.947,3.969,2429144.3
2025-08-28 14:00:00,3.969,4.016,3.96,4.008,2942118.7
2025-08-28 15:00:00,4.008,4.021,3.945,3.956,2472171.2
2025-08-28 16:00:00,3.956,3.984,3.894,3.899,2265941.4
2025-08-28 17:00:00,3.899,3.939,3.891,3.929,2637312.7
2025-08-28 18:00:00,3.928,3.947,3.912,3.923,1001364.7
2025-08-28 19:00:00,3.924,3.944,3.88,3.881,1684624.0
2025-08-28 20:00:00,3.881,3.919,3.871,3.911,1322143.1
2025-08-28 21:00:00,3.911,3.942,3.909,3.941,829331.3
2025-08-28 22:00:00,3.941,4.0,3.94,3.999,1520996.0
2025-08-28 23:00:00,3.998,4.004,3.968,3.979,1534362.8
2025-08-29 00:00:00,3.979,4.002,3.96,3.975,1843724.7
2025-08-29 01:00:00,3.975,3.978,3.921,3.932,1827731.5
2025-08-29 02:00:00,3.932,3.976,3.923,3.944,1248428.5
2025-08-29 03:00:00,3.944,3.963,3.93,3.951,937279.7
2025-08-29 04:00:00,3.95,3.959,3.92,3.926,969630.5
2025-08-29 05:00:00,3.926,3.941,3.901,3.921,3887664.5
2025-08-29 06:00:00,3.921,3.93,3.87,3.904,4042586.8
2025-08-29 07:00:00,3.905,3.905,3.806,3.812,4655361.9
2025-08-29 08:00:00,3.812,3.823,3.766,3.773,3236538.9
2025-08-29 09:00:00,3.773,3.806,3.746,3.8,2756149.4
2025-08-29 10:00:00,3.799,3.82,3.79,3.804,1853774.7
2025-08-29 11:00:00,3.804,3.832,3.79,3.826,2323385.9
2025-08-29 12:00:00,3.825,3.914,3.82,3.855,5113831.9
2025-08-29 13:00:00,3.855,3.859,3.78,3.806,3785670.8
2025-08-29 14:00:00,3.807,3.829,3.753,3.763,5434437.8
2025-08-29 15:00:00,3.764,3.799,3.759,3.769,2018518.4
2025-08-29 16:00:00,3.769,3.788,3.739,3.771,2357439.1
2025-08-29 17:00:00,3.771,3.774,3.733,3.75,1872303.6
2025-08-29 18:00:00,3.751,3.762,3.722,3.729,2059505.3
2025-08-29 19:00:00,3.729,3.778,3.72,3.76,1611397.7
2025-08-29 20:00:00,3.76,3.774,3.731,3.739,2974908.3
2025-08-29 21:00:00,3.74,3.786,3.722,3.778,1590250.8
2025-08-29 22:00:00,3.779,3.781,3.751,3.773,971414.8
2025-08-29 23:00:00,3.773,3.784,3.768,3.771,876755.2
2025-08-30 00:00:00,3.772,3.786,3.754,3.762,785830.0
2025-08-30 01:00:00,3.761,3.77,3.709,3.715,1583699.8
2025-08-30 02:00:00,3.716,3.775,3.71,3.768,1429262.7
2025-08-30 03:00:00,3.768,3.823,3.766,3.815,1506001.7
2025-08-30 04:00:00,3.816,3.819,3.792,3.795,894498.3
2025-08-30 05:00:00,3.795,3.817,3.788,3.802,970271.9
2025-08-30 06:00:00,3.802,3.815,3.792,3.801,840085.6
2025-08-30 07:00:00,3.8,3.814,3.795,3.811,917522.1
2025-08-30 08:00:00,3.811,3.812,3.789,3.791,728551.6
2025-08-30 09:00:00,3.791,3.795,3.775,3.783,1008037.0
2025-08-30 10:00:00,3.782,3.801,3.779,3.789,706007.2
2025-08-30 11:00:00,3.79,3.798,3.773,3.795,1131481.3
2025-08-30 12:00:00,3.794,3.796,3.752,3.764,1569901.2
2025-08-30 13:00:00,3.764,3.766,3.73,3.757,1871964.1
2025-08-30 14:00:00,3.757,3.768,3.735,3.765,1351598.3
2025-08-30 15:00:00,3.765,3.791,3.756,3.786,1064291.3
2025-08-30 16:00:00,3.785,3.786,3.757,3.758,1206164.7
2025-08-30 17:00:00,3.758,3.775,3.756,3.772,844099.1
2025-08-30 18:00:00,3.772,3.782,3.757,3.765,699888.8
2025-08-30 19:00:00,3.765,3.792,3.762,3.79,948851.4
2025-08-30 20:00:00,3.789,3.793,3.772,3.79,743711.5
2025-08-30 21:00:00,3.79,3.795,3.778,3.792,652165.7
2025-08-30 22:00:00,3.792,3.802,3.78,3.799,579049.9
2025-08-30 23:00:00,3.799,3.81,3.799,3.808,694592.9
2025-08-31 00:00:00,3.807,3.856,3.806,3.854,1837266.8
2025-08-31 01:00:00,3.854,3.873,3.837,3.867,1839924.5
2025-08-31 02:00:00,3.866,3.875,3.85,3.856,993692.8
2025-08-31 03:00:00,3.856,3.861,3.847,3.86,1750353.5
2025-08-31 04:00:00,3.86,3.862,3.823,3.833,1269621.6
2025-08-31 05:00:00,3.833,3.833,3.807,3.819,1551185.2
2025-08-31 06:00:00,3.819,3.822,3.798,3.801,1378654.4
2025-08-31 07:00:00,3.801,3.816,3.799,3.802,885433.4
2025-08-31 08:00:00,3.803,3.832,3.801,3.832,711766.9
2025-08-31 09:00:00,3.831,3.844,3.813,3.816,1762178.0
2025-08-31 10:00:00,3.817,3.821,3.783,3.795,1573677.1
2025-08-31 11:00:00,3.796,3.816,3.787,3.816,1096798.3
2025-08-31 12:00:00,3.815,3.825,3.798,3.819,901295.6
2025-08-31 13:00:00,3.818,3.828,3.788,3.797,873005.6
2025-08-31 14:00:00,3.798,3.804,3.777,3.79,993851.7
2025-08-31 15:00:00,3.79,3.817,3.788,3.815,807569.3
2025-08-31 16:00:00,3.815,3.816,3.794,3.8,917258.3
2025-08-31 17:00:00,3.8,3.806,3.786,3.796,1803851.9
2025-08-31 18:00:00,3.796,3.827,3.794,3.825,1103833.3
2025-08-31 19:00:00,3.825,3.827,3.795,3.796,864541.6
2025-08-31 20:00:00,3.797,3.808,3.767,3.8,2971222.0
2025-08-31 21:00:00,3.799,3.815,3.795,3.807,572739.6
2025-08-31 22:00:00,3.807,3.808,3.755,3.774,2260144.3
2025-08-31 23:00:00,3.773,3.773,3.732,3.74,2294118.5
2025-09-01 00:00:00,3.739,3.745,3.703,3.724,3076739.9
2025-09-01 01:00:00,3.725,3.75,3.708,3.732,1521049.8
2025-09-01 02:00:00,3.731,3.734,3.671,3.685,3416125.6
2025-09-01 03:00:00,3.685,3.697,3.67,3.683,2306671.2
2025-09-01 04:00:00,3.683,3.689,3.652,3.668,2117620.2
2025-09-01 05:00:00,3.668,3.693,3.652,3.687,1478199.5
2025-09-01 06:00:00,3.688,3.711,3.664,3.701,2980063.7
2025-09-01 07:00:00,3.701,3.821,3.68,3.82,5220309.7
2025-09-01 08:00:00,3.82,3.852,3.792,3.85,4822892.3
2025-09-01 09:00:00,3.849,3.889,3.833,3.844,5454516.4
2025-09-01 10:00:00,3.844,3.844,3.775,3.799,3056722.0
2025-09-01 11:00:00,3.798,3.799,3.759,3.769,2383257.9
2025-09-01 12:00:00,3.769,3.797,3.76,3.776,1401367.0
2025-09-01 13:00:00,3.776,3.779,3.736,3.748,2132155.6
2025-09-01 14:00:00,3.748,3.77,3.732,3.758,2028621.2
2025-09-01 15:00:00,3.757,3.769,3.717,3.731,1842797.1
2025-09-01 16:00:00,3.731,3.742,3.711,3.718,1486711.5
2025-09-01 17:00:00,3.719,3.725,3.691,3.705,2494211.8
2025-09-01 18:00:00,3.706,3.733,3.704,3.723,1026338.9
2025-09-01 19:00:00,3.722,3.741,3.717,3.738,926198.8
2025-09-01 20:00:00,3.739,3.74,3.641,3.675,6179533.7
2025-09-01 21:00:00,3.674,3.677,3.608,3.638,4222050.2
2025-09-01 22:00:00,3.637,3.663,3.626,3.651,1924384.0
2025-09-01 23:00:00,3.65,3.699,3.649,3.691,1431360.0
2025-09-02 00:00:00,3.691,3.701,3.674,3.684,1342672.0
2025-09-02 01:00:00,3.683,3.729,3.677,3.71,2066970.4
2025-09-02 02:00:00,3.71,3.761,3.704,3.759,1436357.7
2025-09-02 03:00:00,3.758,3.786,3.749,3.77,2325765.8
2025-09-02 04:00:00,3.77,3.784,3.76,3.78,1340329.5
2025-09-02 05:00:00,3.781,3.785,3.766,3.777,1163416.3
2025-09-02 06:00:00,3.777,3.788,3.769,3.782,1619393.1
2025-09-02 07:00:00,3.783,3.785,3.745,3.754,1673523.7
2025-09-02 08:00:00,3.753,3.777,3.749,3.761,1092162.8
2025-09-02 09:00:00,3.762,3.784,3.757,3.78,928192.8
2025-09-02 10:00:00,3.781,3.783,3.766,3.775,852937.2
2025-09-02 11:00:00,3.775,3.777,3.75,3.755,1132968.9
2025-09-02 12:00:00,3.754,3.76,3.688,3.697,3513125.7
2025-09-02 13:00:00,3.696,3.807,3.694,3.794,4833121.4
2025-09-02 14:00:00,3.795,3.816,3.767,3.79,4029134.5
2025-09-02 15:00:00,3.789,3.793,3.727,3.732,2609269.7
2025-09-02 16:00:00,3.732,3.765,3.731,3.76,1553329.7
2025-09-02 17:00:00,3.759,3.787,3.759,3.773,1123710.1
2025-09-02 18:00:00,3.772,3.778,3.735,3.766,1278948.4
2025-09-02 19:00:00,3.766,3.78,3.738,3.749,986861.1
2025-09-02 20:00:00,3.749,3.798,3.744,3.791,1778654.2
2025-09-02 21:00:00,3.792,3.812,3.785,3.809,1313487.8
2025-09-02 22:00:00,3.809,3.821,3.793,3.82,1362519.0
2025-09-02 23:00:00,3.82,3.825,3.805,3.818,804690.7
2025-09-03 00:00:00,3.819,3.832,3.81,3.817,1180510.7
2025-09-03 01:00:00,3.816,3.826,3.791,3.826,984126.2
2025-09-03 02:00:00,3.825,3.842,3.814,3.83,1343187.0
2025-09-03 03:00:00,3.829,3.833,3.808,3.82,686610.6
2025-09-03 04:00:00,3.819,3.828,3.806,3.815,513184.9
2025-09-03 05:00:00,3.815,3.816,3.795,3.801,785950.3
2025-09-03 06:00:00,3.801,3.816,3.783,3.801,1013657.3
2025-09-03 07:00:00,3.802,3.81,3.79,3.809,677630.5
2025-09-03 08:00:00,3.808,3.837,3.806,3.819,1219634.7
2025-09-03 09:00:00,3.819,3.836,3.805,3.836,703081.4
2025-09-03 10:00:00,3.836,3.851,3.827,3.831,1405282.3
2025-09-03 11:00:00,3.831,3.845,3.825,3.826,807684.4
2025-09-03 12:00:00,3.826,3.84,3.811,3.818,955125.2
2025-09-03 13:00:00,3.818,3.865,3.814,3.849,2459501.1
2025-09-03 14:00:00,3.849,3.887,3.849,3.878,2334641.4
2025-09-03 15:00:00,3.877,3.905,3.868,3.891,2521241.1
2025-09-03 16:00:00,3.891,3.903,3.862,3.87,1426228.9
2025-09-03 17:00:00,3.869,3.889,3.869,3.878,677949.4
2025-09-03 18:00:00,3.878,3.885,3.872,3.882,638559.4
2025-09-03 19:00:00,3.882,3.894,3.872,3.892,546180.6
2025-09-03 20:00:00,3.892,3.899,3.883,3.894,620012.5
2025-09-03 21:00:00,3.894,3.896,3.875,3.884,656378.0
2025-09-03 22:00:00,3.883,3.895,3.869,3.876,849693.8
2025-09-03 23:00:00,3.876,3.878,3.858,3.866,556364.8
2025-09-04 00:00:00,3.866,3.876,3.859,3.869,598827.1
2025-09-04 01:00:00,3.869,3.869,3.85,3.861,607202.3
2025-09-04 02:00:00,3.861,3.862,3.83,3.834,925616.4
2025-09-04 03:00:00,3.834,3.837,3.805,3.81,1014113.9
2025-09-04 04:00:00,3.81,3.82,3.802,3.802,873082.6
2025-09-04 05:00:00,3.802,3.802,3.767,3.777,2015008.9
2025-09-04 06:00:00,3.777,3.778,3.759,3.765,1356110.5
2025-09-04 07:00:00,3.765,3.787,3.763,3.783,1234578.0
2025-09-04 08:00:00,3.783,3.797,3.774,3.777,921319.4
2025-09-04 09:00:00,3.776,3.784,3.764,3.775,1189386.3
2025-09-04 10:00:00,3.775,3.795,3.769,3.783,972861.6
2025-09-04 11:00:00,3.784,3.804,3.778,3.779,771840.1
2025-09-04 12:00:00,3.779,3.796,3.764,3.79,1336964.0
2025-09-04 13:00:00,3.791,3.799,3.769,3.779,1529092.5
2025-09-04 14:00:00,3.78,3.782,3.738,3.764,2685035.7
2025-09-04 15:00:00,3.764,3.767,3.741,3.755,1486777.6
2025-09-04 16:00:00,3.755,3.77,3.75,3.764,1096740.7
2025-09-04 17:00:00,3.764,3.775,3.753,3.753,1702184.8
2025-09-04 18:00:00,3.753,3.763,3.722,3.74,1693234.4
2025-09-04 19:00:00,3.739,3.752,3.73,3.736,723025.6
2025-09-04 20:00:00,3.737,3.772,3.733,3.768,873435.3
2025-09-04 21:00:00,3.768,3.781,3.764,3.778,539762.0
2025-09-04 22:00:00,3.777,3.799,3.773,3.797,1075809.2
2025-09-04 23:00:00,3.796,3.804,3.761,3.762,951164.4
2025-09-05 00:00:00,3.761,3.778,3.756,3.758,724514.2
2025-09-05 01:00:00,3.759,3.786,3.754,3.783,584684.0
2025-09-05 02:00:00,3.783,3.789,3.77,3.784,859532.3
2025-09-05 03:00:00,3.783,3.784,3.768,3.784,445845.3
2025-09-05 04:00:00,3.783,3.79,3.773,3.789,414532.1
2025-09-05 05:00:00,3.788,3.793,3.785,3.788,540864.4
2025-09-05 06:00:00,3.789,3.793,3.776,3.792,769595.2
2025-09-05 07:00:00,3.792,3.842,3.791,3.838,2220712.2
2025-09-05 08:00:00,3.839,3.842,3.818,3.824,1431063.3
2025-09-05 09:00:00,3.824,3.828,3.808,3.828,852959.0
2025-09-05 10:00:00,3.827,3.841,3.825,3.826,702368.5
2025-09-05 11:00:00,3.826,3.835,3.819,3.828,711599.8
2025-09-05 12:00:00,3.829,3.893,3.814,3.887,6232342.5
2025-09-05 13:00:00,3.887,3.894,3.862,3.88,4237082.3
2025-09-05 14:00:00,3.879,3.882,3.769,3.794,8864855.3
2025-09-05 15:00:00,3.793,3.825,3.779,3.809,2351275.2
2025-09-05 16:00:00,3.808,3.823,3.796,3.814,1280488.4
2025-09-05 17:00:00,3.814,3.818,3.794,3.803,1165984.3
2025-09-05 18:00:00,3.804,3.828,3.785,3.815,1820148.4
2025-09-05 19:00:00,3.816,3.828,3.812,3.826,883745.3
2025-09-05 20:00:00,3.827,3.847,3.821,3.845,1124656.1
2025-09-05 21:00:00,3.845,3.847,3.806,3.814,1679047.1
2025-09-05 22:00:00,3.814,3.834,3.81,3.83,534990.9
2025-09-05 23:00:00,3.831,3.836,3.822,3.827,412288.6
2025-09-06 00:00:00,3.827,3.848,3.824,3.84,1193648.2
2025-09-06 01:00:00,3.839,3.848,3.833,3.847,540547.3
2025-09-06 02:00:00,3.847,3.865,3.844,3.865,897707.7
2025-09-06 03:00:00,3.864,3.884,3.86,3.881,1006070.6
2025-09-06 04:00:00,3.881,3.881,3.847,3.855,2599409.2
2025-09-06 05:00:00,3.856,3.857,3.83,3.832,749048.0
2025-09-06 06:00:00,3.832,3.837,3.825,3.83,655142.1
2025-09-06 07:00:00,3.83,3.834,3.818,3.826,662624.3
2025-09-06 08:00:00,3.825,3.828,3.81,3.812,620681.4
2025-09-06 09:00:00,3.812,3.812,3.796,3.801,1046270.6
2025-09-06 10:00:00,3.8,3.82,3.794,3.818,895226.5
2025-09-06 11:00:00,3.818,3.818,3.803,3.812,548197.0
2025-09-06 12:00:00,3.812,3.82,3.805,3.809,695559.0
2025-09-06 13:00:00,3.808,3.814,3.799,3.808,551057.0
2025-09-06 14:00:00,3.809,3.824,3.805,3.817,783435.4
2025-09-06 15:00:00,3.817,3.817,3.788,3.791,1019404.3
2025-09-06 16:00:00,3.791,3.821,3.779,3.81,1755930.6
2025-09-06 17:00:00,3.81,3.815,3.789,3.798,802004.2
2025-09-06 18:00:00,3.799,3.811,3.795,3.806,431690.3
2025-09-06 19:00:00,3.807,3.809,3.787,3.79,486091.5
2025-09-06 20:00:00,3.791,3.813,3.788,3.812,587718.4
2025-09-06 21:00:00,3.813,3.817,3.803,3.816,406027.3
2025-09-06 22:00:00,3.816,3.822,3.81,3.817,457805.7
2025-09-06 23:00:00,3.817,3.834,3.809,3.822,711832.0
2025-09-07 00:00:00,3.822,3.835,3.819,3.831,753257.6
2025-09-07 01:00:00,3.831,3.853,3.829,3.847,858773.1
2025-09-07 02:00:00,3.847,3.856,3.84,3.854,718038.3
2025-09-07 03:00:00,3.854,3.861,3.847,3.85,480526.9
2025-09-07 04:00:00,3.85,3.853,3.844,3.849,559931.0
2025-09-07 05:00:00,3.85,3.867,3.846,3.865,658606.6
2025-09-07 06:00:00,3.865,3.868,3.848,3.85,661933.1
2025-09-07 07:00:00,3.85,3.865,3.846,3.851,644633.3
2025-09-07 08:00:00,3.852,3.865,3.852,3.861,513694.5
2025-09-07 09:00:00,3.861,3.861,3.844,3.855,609118.9
2025-09-07 10:00:00,3.855,3.862,3.854,3.859,322088.6
2025-09-07 11:00:00,3.859,3.867,3.852,3.866,489358.1
2025-09-07 12:00:00,3.866,3.968,3.864,3.959,7068277.9
2025-09-07 13:00:00,3.96,4.087,3.96,4.074,10198948.1
2025-09-07 14:00:00,4.074,4.075,4.006,4.014,5075935.7
2025-09-07 15:00:00,4.015,4.026,3.958,3.967,3894898.4
2025-09-07 16:00:00,3.967,3.995,3.967,3.98,2431211.8
2025-09-07 17:00:00,3.979,3.984,3.951,3.955,1690308.7
2025-09-07 18:00:00,3.956,3.981,3.953,3.964,1280367.1
2025-09-07 19:00:00,3.964,4.012,3.957,3.988,1756750.9
2025-09-07 20:00:00,3.988,3.996,3.977,3.989,1030323.8
2025-09-07 21:00:00,3.988,3.992,3.974,3.979,723462.8
2025-09-07 22:00:00,3.979,4.012,3.978,4.011,1429980.8
2025-09-07 23:00:00,4.011,4.015,3.988,3.993,1467284.9
2025-09-08 00:00:00,3.993,4.017,3.978,3.996,2467256.1
2025-09-08 01:00:00,3.997,4.025,3.991,4.014,1720779.2
2025-09-08 02:00:00,4.015,4.057,3.993,4.047,3134691.3
2025-09-08 03:00:00,4.047,4.073,4.039,4.047,2422497.1
2025-09-08 04:00:00,4.047,4.055,4.019,4.028,1887711.9
2025-09-08 05:00:00,4.028,4.049,4.02,4.032,1162384.6
2025-09-08 06:00:00,4.033,4.035,4.0,4.001,1329299.9
2025-09-08 07:00:00,4.001,4.014,3.984,3.996,2066309.0
2025-09-08 08:00:00,3.996,4.019,3.993,4.001,1847853.1
2025-09-08 09:00:00,4.001,4.037,3.997,4.034,1861284.5
2025-09-08 10:00:00,4.033,4.053,4.027,4.029,2389493.9
2025-09-08 11:00:00,4.03,4.033,4.007,4.023,1580326.2
2025-09-08 12:00:00,4.022,4.032,4.008,4.027,983616.8
2025-09-08 13:00:00,4.026,4.051,4.006,4.008,2576242.5
2025-09-08 14:00:00,4.009,4.057,4.004,4.047,2535453.0
2025-09-08 15:00:00,4.048,4.076,4.034,4.069,3177673.2
2025-09-08 16:00:00,4.068,4.082,4.044,4.051,2520014.0
2025-09-08 17:00:00,4.051,4.069,4.027,4.031,1819465.8
2025-09-08 18:00:00,4.031,4.056,4.024,4.053,1004365.1
2025-09-08 19:00:00,4.054,4.055,4.013,4.022,1700440.3
2025-09-08 20:00:00,4.023,4.031,4.002,4.014,1365986.0
2025-09-08 21:00:00,4.014,4.065,4.007,4.057,1459071.0
2025-09-08 22:00:00,4.057,4.071,4.047,4.047,1313012.7
2025-09-08 23:00:00,4.048,4.062,4.031,4.044,1314231.7
2025-09-09 00:00:00,4.045,4.086,4.044,4.082,1850030.1
2025-09-09 01:00:00,4.082,4.1,4.048,4.058,2199545.6
2025-09-09 02:00:00,4.057,4.062,4.018,4.027,1401880.7
2025-09-09 03:00:00,4.027,4.047,4.001,4.044,2587112.2
2025-09-09 04:00:00,4.045,4.058,4.029,4.052,1022114.0
2025-09-09 05:00:00,4.052,4.056,4.029,4.056,876340.3
2025-09-09 06:00:00,4.055,4.127,4.049,4.11,2958660.2
2025-09-09 07:00:00,4.111,4.175,4.109,4.126,5484803.7
2025-09-09 08:00:00,4.126,4.147,4.119,4.135,1229441.7
2025-09-09 09:00:00,4.136,4.152,4.126,4.142,1216035.3
2025-09-09 10:00:00,4.141,4.161,4.127,4.151,1632777.8
2025-09-09 11:00:00,4.151,4.182,4.144,4.148,2098911.3
2025-09-09 12:00:00,4.148,4.182,4.132,4.135,2335901.3
2025-09-09 13:00:00,4.135,4.179,4.115,4.171,2864996.7
2025-09-09 14:00:00,4.172,4.183,4.047,4.108,8683292.6
2025-09-09 15:00:00,4.107,4.117,4.046,4.068,3563929.0
2025-09-09 16:00:00,4.069,4.081,4.027,4.045,3535265.6
2025-09-09 17:00:00,4.045,4.079,4.044,4.056,1668133.4
2025-09-09 18:00:00,4.057,4.084,4.052,4.083,885874.0
2025-09-09 19:00:00,4.083,4.114,4.077,4.104,1768138.9
2025-09-09 20:00:00,4.104,4.127,4.087,4.127,1622925.2
2025-09-09 21:00:00,4.126,4.14,4.097,4.102,1560166.6
2025-09-09 22:00:00,4.102,4.14,4.094,4.14,885798.6
2025-09-09 23:00:00,4.14,4.143,4.117,4.137,773631.0
2025-09-10 00:00:00,4.138,4.147,4.096,4.101,1880530.4
2025-09-10 01:00:00,4.101,4.153,4.096,4.126,1155030.9
2025-09-10 02:00:00,4.127,4.141,4.12,4.137,1350871.5
2025-09-10 03:00:00,4.137,4.139,4.118,4.133,727743.7
2025-09-10 04:00:00,4.134,4.134,4.102,4.121,760101.7
2025-09-10 05:00:00,4.12,4.12,4.073,4.092,1547876.0
2025-09-10 06:00:00,4.091,4.115,4.08,4.104,869093.6
2025-09-10 07:00:00,4.104,4.123,4.099,4.114,1092545.3
2025-09-10 08:00:00,4.114,4.126,4.083,4.086,1131687.8
2025-09-10 09:00:00,4.086,4.097,4.068,4.09,1019420.4
2025-09-10 10:00:00,4.091,4.098,4.054,4.057,1537895.7
2025-09-10 11:00:00,4.057,4.088,4.056,4.082,1803196.1
2025-09-10 12:00:00,4.082,4.173,4.077,4.172,4624619.3
2025-09-10 13:00:00,4.172,4.21,4.147,4.187,5131256.1
2025-09-10 14:00:00,4.188,4.205,4.156,4.165,2626317.4
2025-09-10 15:00:00,4.164,4.185,4.157,4.173,1625490.9
2025-09-10 16:00:00,4.174,4.195,4.146,4.194,1641331.3
2025-09-10 17:00:00,4.194,4.198,4.16,4.189,1583822.0
2025-09-10 18:00:00,4.189,4.199,4.169,4.194,1569648.6
2025-09-10 19:00:00,4.195,4.196,4.142,4.161,1877890.7
2025-09-10 20:00:00,4.162,4.19,4.159,4.171,815400.1
2025-09-10 21:00:00,4.172,4.198,4.17,4.196,838359.1
2025-09-10 22:00:00,4.196,4.226,4.19,4.205,1550062.6
2025-09-10 23:00:00,4.205,4.217,4.19,4.217,1594060.7
2025-09-11 00:00:00,4.216,4.245,4.196,4.241,1333819.7
2025-09-11 01:00:00,4.241,4.25,4.224,4.239,1370339.1
2025-09-11 02:00:00,4.239,4.258,4.21,4.212,1436525.4
2025-09-11 03:00:00,4.213,4.248,4.209,4.242,1047104.1
2025-09-11 04:00:00,4.242,4.245,4.219,4.226,768264.4
2025-09-11 05:00:00,4.225,4.226,4.195,4.218,1326403.1
2025-09-11 06:00:00,4.218,4.231,4.205,4.223,1014513.6
2025-09-11 07:00:00,4.224,4.232,4.209,4.226,1111181.5
2025-09-11 08:00:00,4.225,4.226,4.2,4.206,1454608.1
2025-09-11 09:00:00,4.206,4.206,4.172,4.188,2160721.4
2025-09-11 10:00:00,4.188,4.21,4.184,4.204,853475.8
2025-09-11 11:00:00,4.204,4.218,4.186,4.193,786471.5
2025-09-11 12:00:00,4.193,4.245,4.126,4.19,6060635.7
2025-09-11 13:00:00,4.19,4.207,4.141,4.206,3019509.5
2025-09-11 14:00:00,4.207,4.208,4.149,4.183,2114142.8
2025-09-11 15:00:00,4.182,4.185,4.156,4.161,908617.2
2025-09-11 16:00:00,4.161,4.191,4.159,4.18,805399.2
2025-09-11 17:00:00,4.18,4.196,4.166,4.189,1209152.4
2025-09-11 18:00:00,4.189,4.191,4.173,4.187,531373.7
2025-09-11 19:00:00,4.186,4.231,4.184,4.212,1600020.3
2025-09-11 20:00:00,4.211,4.225,4.202,4.216,676782.8
2025-09-11 21:00:00,4.217,4.236,4.214,4.233,735895.4
2025-09-11 22:00:00,4.233,4.25,4.227,4.236,1029758.0
2025-09-11 23:00:00,4.236,4.256,4.233,4.242,1039245.8
2025-09-12 00:00:00,4.242,4.28,4.227,4.263,2441153.7
2025-09-12 01:00:00,4.263,4.275,4.24,4.244,1222926.6
2025-09-12 02:00:00,4.245,4.256,4.219,4.227,1039733.6
2025-09-12 03:00:00,4.226,4.23,4.198,4.218,1164419.5
2025-09-12 04:00:00,4.217,4.226,4.204,4.22,887516.1
2025-09-12 05:00:00,4.221,4.25,4.213,4.25,887902.2
2025-09-12 06:00:00,4.249,4.27,4.247,4.253,1497675.4
2025-09-12 07:00:00,4.253,4.26,4.228,4.231,1281067.0
2025-09-12 08:00:00,4.231,4.232,4.205,4.215,1187690.5
2025-09-12 09:00:00,4.214,4.219,4.184,4.195,1145092.4
2025-09-12 10:00:00,4.194,4.202,4.172,4.198,1088962.6
2025-09-12 11:00:00,4.197,4.206,4.167,4.173,886068.2
2025-09-12 12:00:00,4.173,4.198,4.151,4.195,1778735.0
2025-09-12 13:00:00,4.195,4.223,4.188,4.22,1591811.0
2025-09-12 14:00:00,4.219,4.245,4.207,4.218,2279406.6
2025-09-12 15:00:00,4.219,4.22,4.186,4.194,1418554.0
2025-09-12 16:00:00,4.195,4.234,4.193,4.22,1509212.1
2025-09-12 17:00:00,4.22,4.265,4.212,4.251,2431975.5
2025-09-12 18:00:00,4.25,4.291,4.243,4.291,2555573.1
2025-09-12 19:00:00,4.291,4.296,4.272,4.292,1358468.2
2025-09-12 20:00:00,4.291,4.296,4.25,4.269,1994441.6
2025-09-12 21:00:00,4.27,4.277,4.257,4.272,924566.4
2025-09-12 22:00:00,4.273,4.319,4.273,4.315,2190665.1
2025-09-12 23:00:00,4.314,4.322,4.306,4.318,1154613.5
2025-09-13 00:00:00,4.318,4.342,4.304,4.338,1283856.1
2025-09-13 01:00:00,4.338,4.354,4.311,4.314,1614981.0
2025-09-13 02:00:00,4.314,4.342,4.302,4.338,1245999.3
2025-09-13 03:00:00,4.338,4.382,4.338,4.377,1362526.9
2025-09-13 04:00:00,4.377,4.397,4.363,4.388,1740391.3
2025-09-13 05:00:00,4.388,4.417,4.359,4.415,2091741.0
2025-09-13 06:00:00,4.415,4.503,4.41,4.449,4997036.5
2025-09-13 07:00:00,4.449,4.486,4.428,4.456,2067731.9
2025-09-13 08:00:00,4.456,4.528,4.451,4.502,3007008.6
2025-09-13 09:00:00,4.501,4.519,4.491,4.515,2900773.4
2025-09-13 10:00:00,4.514,4.594,4.504,4.572,4317776.7
2025-09-13 11:00:00,4.573,4.587,4.507,4.585,4018825.7
2025-09-13 12:00:00,4.585,4.625,4.553,4.614,3508937.7
2025-09-13 13:00:00,4.614,4.623,4.482,4.539,5418273.0
2025-09-13 14:00:00,4.539,4.575,4.491,4.534,2833814.1
2025-09-13 15:00:00,4.534,4.556,4.493,4.511,2296224.5
2025-09-13 16:00:00,4.512,4.542,4.441,4.466,4157712.3
2025-09-13 17:00:00,4.467,4.494,4.416,4.486,3312796.1
2025-09-13 18:00:00,4.486,4.487,4.453,4.472,1116873.3
2025-09-13 19:00:00,4.474,4.476,4.453,4.464,802946.2
2025-09-13 20:00:00,4.465,4.497,4.46,4.484,1118766.6
2025-09-13 21:00:00,4.483,4.517,4.482,4.492,878454.5
2025-09-13 22:00:00,4.492,4.514,4.483,4.492,1036723.2
2025-09-13 23:00:00,4.492,4.508,4.485,4.492,920916.2
2025-09-14 00:00:00,4.491,4.498,4.436,4.447,1735536.4
2025-09-14 01:00:00,4.448,4.461,4.404,4.456,2225228.6
2025-09-14 02:00:00,4.457,4.484,4.439,4.45,1738617.8
2025-09-14 03:00:00,4.451,4.454,4.393,4.399,1531046.2
2025-09-14 04:00:00,4.399,4.412,4.362,4.397,1981107.4
2025-09-14 05:00:00,4.398,4.44,4.393,4.44,880229.3
2025-09-14 06:00:00,4.44,4.446,4.405,4.418,916961.9
2025-09-14 07:00:00,4.418,4.44,4.402,4.418,788607.0
2025-09-14 08:00:00,4.419,4.44,4.398,4.421,1036704.5
2025-09-14 09:00:00,4.42,4.466,4.405,4.453,1973606.0
2025-09-14 10:00:00,4.453,4.462,4.431,4.445,829541.0
2025-09-14 11:00:00,4.446,4.451,4.364,4.371,3066107.6
2025-09-14 12:00:00,4.372,4.394,4.324,4.345,3107234.7
2025-09-14 13:00:00,4.346,4.363,4.303,4.327,2110304.6
2025-09-14 14:00:00,4.327,4.357,4.275,4.312,4223003.5
2025-09-14 15:00:00,4.313,4.335,4.282,4.324,1699591.9
2025-09-14 16:00:00,4.324,4.363,4.318,4.344,1134255.3
2025-09-14 17:00:00,4.343,4.375,4.328,4.359,1251157.6
2025-09-14 18:00:00,4.359,4.361,4.326,4.331,717350.6
2025-09-14 19:00:00,4.33,4.348,4.314,4.328,932727.9
2025-09-14 20:00:00,4.328,4.348,4.324,4.329,840642.9
2025-09-14 21:00:00,4.33,4.36,4.307,4.348,853496.0
2025-09-14 22:00:00,4.348,4.371,4.328,4.361,832481.1
2025-09-14 23:00:00,4.362,4.364,4.306,4.314,1259977.7
2025-09-15 00:00:00,4.314,4.359,4.312,4.341,1019466.3
2025-09-15 01:00:00,4.34,4.35,4.285,4.329,1854930.3
2025-09-15 02:00:00,4.329,4.365,4.325,4.332,1473032.4
2025-09-15 03:00:00,4.332,4.375,4.328,4.367,1137580.1
2025-09-15 04:00:00,4.366,4.386,4.35,4.361,1388840.9
2025-09-15 05:00:00,4.36,4.4,4.354,4.398,1641789.3
2025-09-15 06:00:00,4.398,4.401,4.3,4.315,2325470.8
2025-09-15 07:00:00,4.314,4.348,4.236,4.248,5225972.7
2025-09-15 08:00:00,4.248,4.249,4.134,4.142,9150793.6
2025-09-15 09:00:00,4.143,4.198,4.137,4.192,3141523.6
2025-09-15 10:00:00,4.191,4.206,4.148,4.197,2232486.8
2025-09-15 11:00:00,4.198,4.208,4.171,4.188,1560031.2
2025-09-15 12:00:00,4.187,4.203,4.155,4.162,1256885.9
2025-09-15 13:00:00,4.162,4.204,4.155,4.183,2844694.8
2025-09-15 14:00:00,4.183,4.186,4.143,4.148,1745429.3
2025-09-15 15:00:00,4.148,4.163,4.113,4.14,2180100.5
2025-09-15 16:00:00,4.14,4.148,4.101,4.113,1979789.5
2025-09-15 17:00:00,4.112,4.143,4.104,4.143,1501355.4
2025-09-15 18:00:00,4.142,4.147,4.114,4.141,1087314.0
2025-09-15 19:00:00,4.141,4.159,4.122,4.141,1047775.9
2025-09-15 20:00:00,4.142,4.166,4.136,4.163,758636.5
2025-09-15 21:00:00,4.162,4.176,4.15,4.169,945079.1
2025-09-15 22:00:00,4.17,4.175,4.144,4.151,675040.8
2025-09-15 23:00:00,4.15,4.16,4.134,4.148,731566.0
2025-09-16 00:00:00,4.147,4.148,4.118,4.135,828212.1
2025-09-16 01:00:00,4.135,4.161,4.121,4.124,1021616.3
2025-09-16 02:00:00,4.124,4.146,4.119,4.12,643137.3
2025-09-16 03:00:00,4.119,4.158,4.118,4.151,1293883.6
2025-09-16 04:00:00,4.151,4.16,4.106,4.149,1483293.0
2025-09-16 05:00:00,4.148,4.204,4.146,4.204,2188202.4
2025-09-16 06:00:00,4.204,4.207,4.143,4.154,2246162.3
2025-09-16 07:00:00,4.154,4.174,4.144,4.168,1354214.2
2025-09-16 08:00:00,4.168,4.222,4.167,4.218,4398584.4
2025-09-16 09:00:00,4.219,4.251,4.209,4.242,2494314.7
2025-09-16 10:00:00,4.241,4.248,4.211,4.214,1418299.0
2025-09-16 11:00:00,4.213,4.221,4.191,4.208,1487918.5
2025-09-16 12:00:00,4.208,4.221,4.2,4.206,1052053.4
2025-09-16 13:00:00,4.207,4.245,4.164,4.203,4281166.0
2025-09-16 14:00:00,4.202,4.203,4.148,4.181,2582516.6
2025-09-16 15:00:00,4.181,4.23,4.161,4.226,2363025.1
2025-09-16 16:00:00,4.226,4.231,4.191,4.213,1524977.8
2025-09-16 17:00:00,4.212,4.284,4.21,4.263,2908502.7
2025-09-16 18:00:00,4.262,4.281,4.249,4.263,1463035.5
2025-09-16 19:00:00,4.262,4.277,4.251,4.273,831232.9
2025-09-16 20:00:00,4.273,4.285,4.255,4.262,1412581.0
2025-09-16 21:00:00,4.262,4.283,4.258,4.281,786865.3
2025-09-16 22:00:00,4.282,4.294,4.269,4.273,996949.1
2025-09-16 23:00:00,4.274,4.274,4.242,4.251,906522.2
2025-09-17 00:00:00,4.251,4.255,4.233,4.242,758971.2
2025-09-17 01:00:00,4.243,4.252,4.221,4.236,644051.9
2025-09-17 02:00:00,4.236,4.263,4.224,4.243,886059.5
2025-09-17 03:00:00,4.244,4.252,4.208,4.21,964362.7
2025-09-17 04:00:00,4.21,4.223,4.174,4.186,1261413.9
2025-09-17 05:00:00,4.186,4.209,4.171,4.208,1285780.0
2025-09-17 06:00:00,4.207,4.231,4.195,4.228,1488858.1
2025-09-17 07:00:00,4.228,4.239,4.219,4.228,1147596.6
2025-09-17 08:00:00,4.227,4.228,4.179,4.187,1680196.6
2025-09-17 09:00:00,4.187,4.191,4.172,4.176,1091996.7
2025-09-17 10:00:00,4.176,4.185,4.157,4.169,1363752.8
2025-09-17 11:00:00,4.168,4.19,4.165,4.179,706814.0
2025-09-17 12:00:00,4.179,4.198,4.167,4.188,1063313.0
2025-09-17 13:00:00,4.187,4.199,4.17,4.185,1360780.3
2025-09-17 14:00:00,4.186,4.197,4.156,4.157,1504733.8
2025-09-17 15:00:00,4.158,4.173,4.151,4.164,1063356.7
2025-09-17 16:00:00,4.164,4.193,4.133,4.188,1999525.4
2025-09-17 17:00:00,4.188,4.232,4.13,4.156,2581715.1
2025-09-17 18:00:00,4.154,4.246,4.148,4.178,8506000.4
2025-09-17 19:00:00,4.178,4.282,4.175,4.282,3078681.8
2025-09-17 20:00:00,4.281,4.338,4.24,4.25,3347947.1
2025-09-17 21:00:00,4.249,4.317,4.221,4.313,2187789.7
2025-09-17 22:00:00,4.313,4.424,4.313,4.406,3560977.3
2025-09-17 23:00:00,4.407,4.431,4.382,4.402,3637346.8
2025-09-18 00:00:00,4.402,4.422,4.371,4.381,1632932.7
2025-09-18 01:00:00,4.381,4.469,4.374,4.446,4184648.9
2025-09-18 02:00:00,4.446,4.452,4.413,4.452,1448147.8
2025-09-18 03:00:00,4.452,4.489,4.441,4.474,2059345.6
2025-09-18 04:00:00,4.474,4.487,4.458,4.477,1468076.8
2025-09-18 05:00:00,4.476,4.495,4.448,4.457,1957973.5
2025-09-18 06:00:00,4.458,4.474,4.416,4.456,2903324.0
2025-09-18 07:00:00,4.457,4.517,4.442,4.487,2745662.0
2025-09-18 08:00:00,4.488,4.525,4.474,4.512,2297317.3
2025-09-18 09:00:00,4.512,4.548,4.496,4.537,3052807.0
2025-09-18 10:00:00,4.538,4.57,4.51,4.539,3063873.4
2025-09-18 11:00:00,4.539,4.551,4.513,4.526,1906129.9
2025-09-18 12:00:00,4.526,4.544,4.512,4.54,2161875.5
2025-09-18 13:00:00,4.54,4.58,4.522,4.57,2740812.1
2025-09-18 14:00:00,4.57,4.58,4.536,4.562,3566022.4
2025-09-18 15:00:00,4.563,4.566,4.537,4.547,1725094.4
2025-09-18 16:00:00,4.546,4.565,4.543,4.552,1915684.4
2025-09-18 17:00:00,4.551,4.592,4.542,4.583,2308610.4
2025-09-18 18:00:00,4.583,4.594,4.556,4.587,2409093.5
2025-09-18 19:00:00,4.587,4.594,4.527,4.562,2734867.5
2025-09-18 20:00:00,4.562,4.574,4.549,4.57,1343853.8
2025-09-18 21:00:00,4.57,4.574,4.545,4.549,869553.8
2025-09-18 22:00:00,4.549,4.565,4.532,4.543,1136820.8
2025-09-18 23:00:00,4.543,4.548,4.51,4.532,2634221.7
2025-09-19 00:00:00,4.531,4.807,4.531,4.8,10313597.1
2025-09-19 01:00:00,4.801,4.88,4.705,4.72,10817835.0
2025-09-19 02:00:00,4.72,4.741,4.639,4.684,6087180.4
2025-09-19 03:00:00,4.684,4.711,4.613,4.631,3459954.5
2025-09-19 04:00:00,4.63,4.671,4.566,4.66,4553804.9
2025-09-19 05:00:00,4.661,4.674,4.613,4.649,2703917.8
2025-09-19 06:00:00,4.649,4.653,4.575,4.581,3122622.8
2025-09-19 07:00:00,4.581,4.625,4.569,4.601,2169078.9
2025-09-19 08:00:00,4.601,4.638,4.587,4.591,1789299.2
2025-09-19 09:00:00,4.591,4.629,4.526,4.549,4326305.3
2025-09-19 10:00:00,4.55,4.567,4.529,4.552,2334833.3
2025-09-19 11:00:00,4.552,4.554,4.46,4.494,6004638.6
2025-09-19 12:00:00,4.495,4.527,4.482,4.486,2352785.8
2025-09-19 13:00:00,4.486,4.539,4.48,4.521,2380512.5
2025-09-19 14:00:00,4.521,4.528,4.465,4.486,3251785.2
2025-09-19 15:00:00,4.485,4.495,4.411,4.441,6164276.7
2025-09-19 16:00:00,4.441,4.457,4.421,4.447,2311378.2
2025-09-19 17:00:00,4.448,4.45,4.369,4.377,3241385.4
2025-09-19 18:00:00,4.376,4.416,4.35,4.395,3425712.7
2025-09-19 19:00:00,4.396,4.418,4.38,4.387,1786850.2
2025-09-19 20:00:00,4.387,4.408,4.377,4.387,1450989.5
2025-09-19 21:00:00,4.387,4.412,4.374,4.407,904464.2
2025-09-19 22:00:00,4.407,4.415,4.388,4.388,774427.8
2025-09-19 23:00:00,4.387,4.39,4.315,4.355,2963267.8
2025-09-20 00:00:00,4.355,4.385,4.339,4.385,1880174.8
2025-09-20 01:00:00,4.385,4.385,4.348,4.357,1102623.9
2025-09-20 02:00:00,4.356,4.36,4.287,4.336,3578426.6
2025-09-20 03:00:00,4.336,4.339,4.311,4.332,1044741.1
2025-09-20 04:00:00,4.333,4.351,4.319,4.341,793691.4
2025-09-20 05:00:00,4.34,4.378,4.331,4.372,1145730.8
2025-09-20 06:00:00,4.372,4.395,4.35,4.394,1154864.4
2025-09-20 07:00:00,4.394,4.413,4.382,4.413,1078100.2
2025-09-20 08:00:00,4.413,4.413,4.355,4.359,1537839.0
2025-09-20 09:00:00,4.36,4.372,4.332,4.343,1288505.7
2025-09-20 10:00:00,4.343,4.362,4.334,4.334,960083.7
2025-09-20 11:00:00,4.334,4.361,4.331,4.357,874443.4
2025-09-20 12:00:00,4.357,4.364,4.339,4.353,765325.4
2025-09-20 13:00:00,4.352,4.352,4.312,4.339,1848470.4
2025-09-20 14:00:00,4.339,4.402,4.32,4.399,2251400.8
2025-09-20 15:00:00,4.399,4.459,4.384,4.401,4647936.5
2025-09-20 16:00:00,4.4,4.416,4.373,4.416,1407551.3
2025-09-20 17:00:00,4.416,4.418,4.381,4.398,1065574.8
2025-09-20 18:00:00,4.398,4.398,4.35,4.36,1246075.2
2025-09-20 19:00:00,4.359,4.371,4.341,4.355,797474.5
2025-09-20 20:00:00,4.354,4.382,4.347,4.379,847116.1
2025-09-20 21:00:00,4.379,4.393,4.358,4.363,896772.5
2025-09-20 22:00:00,4.362,4.366,4.345,4.364,598016.2
2025-09-20 23:00:00,4.364,4.365,4.338,4.353,665235.4
2025-09-21 00:00:00,4.353,4.372,4.337,4.365,701400.3
2025-09-21 01:00:00,4.365,4.368,4.324,4.331,769248.0
2025-09-21 02:00:00,4.33,4.356,4.315,4.35,1412552.2
2025-09-21 03:00:00,4.349,4.358,4.342,4.355,544463.8
2025-09-21 04:00:00,4.354,4.358,4.328,4.34,739329.6
2025-09-21 05:00:00,4.34,4.372,4.331,4.371,811284.0
2025-09-21 06:00:00,4.372,4.385,4.366,4.367,1033700.2
2025-09-21 07:00:00,4.367,4.381,4.355,4.366,815895.6
2025-09-21 08:00:00,4.367,4.377,4.345,4.348,749573.7
2025-09-21 09:00:00,4.347,4.355,4.281,4.319,2905747.9
2025-09-21 10:00:00,4.318,4.324,4.29,4.292,1264190.5
2025-09-21 11:00:00,4.292,4.321,4.286,4.303,924497.1
2025-09-21 12:00:00,4.303,4.338,4.299,4.316,869098.4
2025-09-21 13:00:00,4.315,4.332,4.306,4.322,739157.3
2025-09-21 14:00:00,4.321,4.325,4.297,4.299,715603.1
2025-09-21 15:00:00,4.299,4.311,4.272,4.28,1256923.6
2025-09-21 16:00:00,4.28,4.289,4.244,4.266,2145811.1
2025-09-21 17:00:00,4.266,4.283,4.233,4.282,1726088.0
2025-09-21 18:00:00,4.281,4.299,4.272,4.298,884463.1
2025-09-21 19:00:00,4.298,4.299,4.26,4.286,794215.1
2025-09-21 20:00:00,4.285,4.289,4.26,4.264,639354.0
2025-09-21 21:00:00,4.264,4.289,4.259,4.275,538664.6
2025-09-21 22:00:00,4.274,4.29,4.25,4.283,1014702.5
2025-09-21 23:00:00,4.283,4.285,4.252,4.259,605717.5
2025-09-22 00:00:00,4.259,4.277,4.155,4.173,6343046.5
2025-09-22 01:00:00,4.174,4.21,4.156,4.177,3374184.8
2025-09-22 02:00:00,4.178,4.195,4.08,4.119,5778042.0
2025-09-22 03:00:00,4.119,4.15,4.118,4.134,1839177.5
2025-09-22 04:00:00,4.134,4.147,4.121,4.127,1178427.0
2025-09-22 05:00:00,4.127,4.135,4.038,4.051,2316282.2
2025-09-22 06:00:00,4.051,4.052,3.787,4.005,17701719.3
2025-09-22 07:00:00,4.005,4.013,3.975,3.977,2698214.1
2025-09-22 08:00:00,3.978,3.998,3.935,3.98,3629137.7
2025-09-22 09:00:00,3.979,3.981,3.937,3.945,3108574.3
2025-09-22 10:00:00,3.944,3.998,3.937,3.994,1942597.2
2025-09-22 11:00:00,3.995,3.999,3.965,3.974,2275311.8
2025-09-22 12:00:00,3.974,4.0,3.962,3.989,1636574.7
2025-09-22 13:00:00,3.989,4.022,3.972,4.021,2079546.6
2025-09-22 14:00:00,4.022,4.025,3.98,3.987,2573343.2
2025-09-22 15:00:00,3.987,3.996,3.967,3.974,1575547.4
2025-09-22 16:00:00,3.974,3.996,3.962,3.973,1493479.1
2025-09-22 17:00:00,3.973,3.991,3.953,3.983,1640809.8
2025-09-22 18:00:00,3.982,3.992,3.961,3.962,1950411.8
2025-09-22 19:00:00,3.961,3.968,3.927,3.944,2748994.2
2025-09-22 20:00:00,3.945,3.994,3.939,3.992,1363515.8
2025-09-22 21:00:00,3.991,4.032,3.983,4.029,1273174.6
2025-09-22 22:00:00,4.029,4.029,4.006,4.014,830308.7
2025-09-22 23:00:00,4.014,4.037,4.008,4.035,807314.4
2025-09-23 00:00:00,4.034,4.057,4.013,4.017,1525185.3
2025-09-23 01:00:00,4.017,4.019,3.981,3.983,1563566.7
2025-09-23 02:00:00,3.983,3.997,3.952,3.955,1335580.9
2025-09-23 03:00:00,3.955,4.031,3.924,4.017,3359851.3
2025-09-23 04:00:00,4.017,4.046,3.987,3.999,1844288.3
2025-09-23 05:00:00,3.998,4.021,3.984,3.992,1054849.8
2025-09-23 06:00:00,3.992,4.038,3.985,4.028,1560831.1
2025-09-23 07:00:00,4.027,4.044,4.01,4.012,1637888.5
2025-09-23 08:00:00,4.013,4.042,4.008,4.03,1364581.0
2025-09-23 09:00:00,4.03,4.041,3.997,4.007,1610898.1
2025-09-23 10:00:00,4.007,4.031,4.0,4.024,2068228.4
2025-09-23 11:00:00,4.025,4.027,3.999,4.018,845152.2
2025-09-23 12:00:00,4.018,4.04,4.01,4.03,1090752.2
2025-09-23 13:00:00,4.029,4.041,4.008,4.019,1125944.4
2025-09-23 14:00:00,4.019,4.05,4.008,4.01,1813857.1
2025-09-23 15:00:00,4.01,4.047,3.993,4.032,1759990.4
2025-09-23 16:00:00,4.032,4.054,4.002,4.038,1716719.0
2025-09-23 17:00:00,4.037,4.041,3.976,3.982,2493933.8
2025-09-23 18:00:00,3.982,3.998,3.958,3.968,1706075.6
2025-09-23 19:00:00,3.967,4.001,3.957,3.965,1423970.0
2025-09-23 20:00:00,3.965,3.994,3.958,3.992,892774.0
2025-09-23 21:00:00,3.992,4.014,3.974,4.005,695896.9
2025-09-23 22:00:00,4.006,4.011,3.981,3.99,575941.5
2025-09-23 23:00:00,3.991,4.0,3.96,3.964,1570365.2
2025-09-24 00:00:00,3.964,4.004,3.954,3.976,1594816.8
2025-09-24 01:00:00,3.977,4.021,3.967,4.017,1142725.4
2025-09-24 02:00:00,4.017,4.021,3.98,3.999,923297.0
2025-09-24 03:00:00,3.999,4.005,3.924,3.94,2380086.3
2025-09-24 04:00:00,3.94,4.001,3.883,3.971,4620027.1
2025-09-24 05:00:00,3.971,4.034,3.968,4.031,1923947.3
2025-09-24 06:00:00,4.032,4.042,4.014,4.034,3330730.5
2025-09-24 07:00:00,4.034,4.039,4.013,4.031,828169.5
2025-09-24 08:00:00,4.032,4.041,4.023,4.036,789323.8
2025-09-24 09:00:00,4.036,4.052,4.026,4.041,1059366.6
2025-09-24 10:00:00,4.041,4.057,4.036,4.052,1228291.7
2025-09-24 11:00:00,4.052,4.082,4.049,4.066,1834706.6
2025-09-24 12:00:00,4.065,4.074,4.049,4.06,888999.8
2025-09-24 13:00:00,4.06,4.078,4.05,4.052,1679618.7
2025-09-24 14:00:00,4.052,4.114,4.049,4.091,1664821.4
2025-09-24 15:00:00,4.092,4.097,4.056,4.062,2965741.8
2025-09-24 16:00:00,4.062,4.07,4.045,4.061,1400774.6
2025-09-24 17:00:00,4.061,4.067,4.043,4.05,1315776.0
2025-09-24 18:00:00,4.05,4.058,4.031,4.04,870900.6
2025-09-24 19:00:00,4.041,4.046,4.02,4.037,794379.7
2025-09-24 20:00:00,4.038,4.05,4.011,4.029,1142334.5
2025-09-24 21:00:00,4.029,4.039,3.985,3.996,1050654.6
2025-09-24 22:00:00,3.996,4.016,3.992,4.001,996617.0
2025-09-24 23:00:00,4.001,4.01,3.974,3.989,868705.0
2025-09-25 00:00:00,3.989,4.003,3.953,3.965,1760200.3
2025-09-25 01:00:00,3.965,3.978,3.942,3.953,2539671.0
2025-09-25 02:00:00,3.953,4.001,3.934,3.981,2694396.4
2025-09-25 03:00:00,3.98,3.983,3.925,3.952,1867948.0
2025-09-25 04:00:00,3.952,3.963,3.871,3.899,4211116.5
2025-09-25 05:00:00,3.898,3.949,3.883,3.936,1531386.5
2025-09-25 06:00:00,3.935,3.94,3.899,3.905,1435819.6
2025-09-25 07:00:00,3.905,3.935,3.898,3.905,1534774.8
2025-09-25 08:00:00,3.905,3.928,3.888,3.916,1937842.9
2025-09-25 09:00:00,3.917,3.956,3.906,3.909,1977309.8
2025-09-25 10:00:00,3.909,3.941,3.906,3.915,642431.0
2025-09-25 11:00:00,3.916,3.928,3.889,3.902,1722652.9
2025-09-25 12:00:00,3.901,3.921,3.83,3.899,5718392.5
2025-09-25 13:00:00,3.899,3.965,3.878,3.916,5400342.7
2025-09-25 14:00:00,3.917,3.989,3.917,3.95,2728279.1
2025-09-25 15:00:00,3.949,3.958,3.91,3.931,2110227.1
2025-09-25 16:00:00,3.931,3.937,3.863,3.87,3115453.3
2025-09-25 17:00:00,3.871,3.875,3.773,3.792,8249959.8
2025-09-25 18:00:00,3.792,3.895,3.773,3.89,5255386.1
2025-09-25 19:00:00,3.89,3.91,3.852,3.858,1788967.5
2025-09-25 20:00:00,3.859,3.869,3.812,3.821,1815657.2
2025-09-25 21:00:00,3.82,3.864,3.805,3.845,1476937.6
2025-09-25 22:00:00,3.845,3.868,3.814,3.826,1051925.9
2025-09-25 23:00:00,3.826,3.849,3.768,3.801,2186249.3
2025-09-26 00:00:00,3.801,3.855,3.79,3.846,1807621.9
2025-09-26 01:00:00,3.846,3.86,3.828,3.843,1853663.8
2025-09-26 02:00:00,3.842,3.86,3.819,3.827,1152105.7
2025-09-26 03:00:00,3.827,3.839,3.806,3.834,998325.7
2025-09-26 04:00:00,3.834,3.85,3.819,3.83,1259049.1
2025-09-26 05:00:00,3.83,3.858,3.814,3.823,1172439.9
2025-09-26 06:00:00,3.823,3.848,3.801,3.814,1549766.3
2025-09-26 07:00:00,3.814,3.842,3.8,3.832,1799001.2
2025-09-26 08:00:00,3.833,3.852,3.828,3.835,1074471.6
2025-09-26 09:00:00,3.835,3.846,3.802,3.818,1261183.0
2025-09-26 10:00:00,3.819,3.821,3.778,3.794,1936935.1
2025-09-26 11:00:00,3.794,3.828,3.773,3.819,1556573.9
2025-09-26 12:00:00,3.819,3.881,3.782,3.859,4207241.4
2025-09-26 13:00:00,3.86,3.9,3.847,3.886,3107122.1
2025-09-26 14:00:00,3.887,3.894,3.85,3.863,1948711.4
2025-09-26 15:00:00,3.863,3.907,3.859,3.898,1369432.8
2025-09-26 16:00:00,3.898,3.948,3.895,3.931,2312759.6
2025-09-26 17:00:00,3.932,3.967,3.926,3.955,2494513.9
2025-09-26 18:00:00,3.955,3.969,3.94,3.951,1467274.3
2025-09-26 19:00:00,3.95,3.952,3.9,3.918,2208598.3
2025-09-26 20:00:00,3.919,3.934,3.907,3.912,1302265.0
2025-09-26 21:00:00,3.913,3.928,3.904,3.924,739177.1
2025-09-26 22:00:00,3.925,3.94,3.919,3.92,562479.3
2025-09-26 23:00:00,3.92,3.926,3.907,3.922,537244.5
2025-09-27 00:00:00,3.923,3.925,3.907,3.92,608387.0
2025-09-27 01:00:00,3.919,3.922,3.897,3.908,752873.4
2025-09-27 02:00:00,3.907,3.912,3.899,3.9,491658.8
2025-09-27 03:00:00,3.9,3.922,3.899,3.907,660739.3
2025-09-27 04:00:00,3.906,3.919,3.897,3.904,1323509.5
2025-09-27 05:00:00,3.903,3.905,3.881,3.898,1309534.2
2025-09-27 06:00:00,3.897,3.898,3.882,3.892,576417.0
2025-09-27 07:00:00,3.892,3.899,3.873,3.884,1051517.0
2025-09-27 08:00:00,3.885,3.885,3.859,3.861,784411.7
2025-09-27 09:00:00,3.861,3.877,3.848,3.873,884303.3
2025-09-27 10:00:00,3.873,3.892,3.865,3.88,1150869.0
2025-09-27 11:00:00,3.881,3.884,3.872,3.877,407201.8
2025-09-27 12:00:00,3.877,3.894,3.865,3.889,746587.5
2025-09-27 13:00:00,3.889,3.893,3.88,3.883,583237.8
2025-09-27 14:00:00,3.883,3.889,3.871,3.877,478341.5
2025-09-27 15:00:00,3.876,3.9,3.858,3.894,1199233.9
2025-09-27 16:00:00,3.895,3.897,3.874,3.878,807128.7
2025-09-27 17:00:00,3.879,3.879,3.851,3.867,1653920.8
2025-09-27 18:00:00,3.867,3.872,3.851,3.87,635810.9
2025-09-27 19:00:00,3.871,3.878,3.862,3.874,634073.9
2025-09-27 20:00:00,3.875,3.882,3.866,3.874,442128.6
2025-09-27 21:00:00,3.874,3.894,3.868,3.888,384777.4
2025-09-27 22:00:00,3.889,3.915,3.888,3.898,771124.9
2025-09-27 23:00:00,3.898,3.906,3.885,3.887,518984.1
2025-09-28 00:00:00,3.887,3.889,3.855,3.858,1588385.3
2025-09-28 01:00:00,3.859,3.861,3.821,3.83,1322236.5
2025-09-28 02:00:00,3.829,3.842,3.821,3.831,554604.3
2025-09-28 03:00:00,3.832,3.841,3.818,3.833,562342.3
2025-09-28 04:00:00,3.833,3.834,3.819,3.827,591157.6
2025-09-28 05:00:00,3.827,3.837,3.814,3.823,618845.6
2025-09-28 06:00:00,3.824,3.828,3.801,3.817,1040462.2
2025-09-28 07:00:00,3.817,3.831,3.807,3.826,988193.9
2025-09-28 08:00:00,3.827,3.833,3.8,3.809,1666604.3
2025-09-28 09:00:00,3.808,3.816,3.794,3.803,899498.6
2025-09-28 10:00:00,3.804,3.82,3.79,3.819,959753.2
2025-09-28 11:00:00,3.818,3.819,3.798,3.811,691561.1
2025-09-28 12:00:00,3.81,3.814,3.793,3.807,782074.9
2025-09-28 13:00:00,3.807,3.867,3.804,3.86,3096147.5
2025-09-28 14:00:00,3.861,3.868,3.849,3.864,2030914.2
2025-09-28 15:00:00,3.863,3.871,3.853,3.863,971980.1
2025-09-28 16:00:00,3.863,3.894,3.863,3.878,1480262.0
2025-09-28 17:00:00,3.878,3.894,3.868,3.884,884123.0
2025-09-28 18:00:00,3.884,3.91,3.881,3.905,965194.7
2025-09-28 19:00:00,3.905,3.91,3.885,3.899,1598507.5
2025-09-28 20:00:00,3.899,3.941,3.894,3.934,1748266.1
2025-09-28 21:00:00,3.935,3.962,3.934,3.962,1303992.5
2025-09-28 22:00:00,3.963,4.028,3.962,4.003,3125578.2
2025-09-28 23:00:00,4.003,4.008,3.986,3.994,1416040.3
2025-09-29 00:00:00,3.995,4.007,3.979,3.987,2082111.0
2025-09-29 01:00:00,3.988,3.996,3.963,3.965,1620179.4
2025-09-29 02:00:00,3.965,3.992,3.958,3.982,952315.3
2025-09-29 03:00:00,3.982,3.989,3.967,3.986,638630.0
2025-09-29 04:00:00,3.987,3.988,3.964,3.979,1032996.6
2025-09-29 05:00:00,3.978,3.981,3.944,3.964,1521857.8
2025-09-29 06:00:00,3.963,3.965,3.937,3.94,1016869.4
2025-09-29 07:00:00,3.94,3.952,3.923,3.94,1249392.4
2025-09-29 08:00:00,3.941,3.994,3.929,3.988,2731607.4
2025-09-29 09:00:00,3.988,4.002,3.961,3.971,2340343.7
2025-09-29 10:00:00,3.97,3.985,3.94,3.947,1297563.2
2025-09-29 11:00:00,3.947,3.949,3.913,3.932,2451190.0
2025-09-29 12:00:00,3.931,3.946,3.894,3.902,1939322.7
2025-09-29 13:00:00,3.902,3.958,3.855,3.941,5723305.2
2025-09-29 14:00:00,3.941,4.002,3.938,3.984,3664448.7
2025-09-29 15:00:00,3.985,4.0,3.949,3.956,1959825.3
2025-09-29 16:00:00,3.956,3.98,3.929,3.934,1135571.5
2025-09-29 17:00:00,3.933,3.962,3.914,3.955,2032603.6
2025-09-29 18:00:00,3.956,3.96,3.935,3.951,768489.9
2025-09-29 19:00:00,3.952,3.978,3.942,3.974,961011.6
2025-09-29 20:00:00,3.974,4.022,3.972,4.018,2053340.7
2025-09-29 21:00:00,4.018,4.021,3.993,3.998,1031703.7
2025-09-29 22:00:00,3.997,4.01,3.983,3.994,1165966.7
2025-09-29 23:00:00,3.994,3.994,3.976,3.977,821204.4
2025-09-30 00:00:00,3.977,3.991,3.946,3.951,1625293.0
2025-09-30 01:00:00,3.952,3.972,3.926,3.94,1261012.4
2025-09-30 02:00:00,3.94,3.953,3.924,3.929,1314992.9
2025-09-30 03:00:00,3.929,3.952,3.926,3.932,994562.4
2025-09-30 04:00:00,3.932,3.94,3.92,3.922,632819.6
2025-09-30 05:00:00,3.921,3.936,3.911,3.927,957188.4
2025-09-30 06:00:00,3.927,3.939,3.917,3.922,951715.8
2025-09-30 07:00:00,3.922,3.933,3.893,3.901,1070410.9
2025-09-30 08:00:00,3.901,3.905,3.883,3.884,857147.1
2025-09-30 09:00:00,3.884,3.889,3.858,3.864,1647094.6
2025-09-30 10:00:00,3.864,3.884,3.857,3.876,1410419.3
2025-09-30 11:00:00,3.875,3.904,3.861,3.902,1339062.6
2025-09-30 12:00:00,3.901,3.901,3.873,3.875,937480.8
2025-09-30 13:00:00,3.874,3.907,3.86,3.881,1304677.8
2025-09-30 14:00:00,3.88,3.888,3.853,3.876,1634887.5
2025-09-30 15:00:00,3.876,3.877,3.806,3.835,3154479.2
2025-09-30 16:00:00,3.835,3.836,3.805,3.82,1789389.5
2025-09-30 17:00:00,3.819,3.838,3.81,3.813,1635825.1
2025-09-30 18:00:00,3.814,3.855,3.806,3.847,1211272.5
2025-09-30 19:00:00,3.847,3.905,3.833,3.898,2011633.6
2025-09-30 20:00:00,3.897,3.927,3.891,3.924,1440524.6
2025-09-30 21:00:00,3.924,3.934,3.9,3.901,1780285.8
2025-09-30 22:00:00,3.901,3.925,3.885,3.889,1029962.0
2025-09-30 23:00:00,3.889,3.908,3.878,3.906,1031935.5
2025-10-01 00:00:00,3.906,3.92,3.882,3.901,1375041.3
2025-10-01 01:00:00,3.902,3.938,3.895,3.936,1066989.2
2025-10-01 02:00:00,3.937,3.938,3.911,3.914,826205.1
2025-10-01 03:00:00,3.914,3.923,3.888,3.89,868606.2
2025-10-01 04:00:00,3.891,3.928,3.886,3.91,868810.1
2025-10-01 05:00:00,3.911,3.936,3.911,3.924,638057.3
2025-10-01 06:00:00,3.924,3.925,3.89,3.893,854739.6
2025-10-01 07:00:00,3.893,3.923,3.89,3.913,762959.9
2025-10-01 08:00:00,3.912,4.082,3.909,4.076,7627502.6
2025-10-01 09:00:00,4.076,4.11,4.071,4.107,4510790.7
2025-10-01 10:00:00,4.107,4.11,4.071,4.079,1730074.5
2025-10-01 11:00:00,4.079,4.1,4.068,4.08,1843086.7
2025-10-01 12:00:00,4.079,4.088,4.042,4.044,1946601.2
2025-10-01 13:00:00,4.044,4.069,4.04,4.05,1206101.8
2025-10-01 14:00:00,4.051,4.084,4.041,4.064,2046267.4
2025-10-01 15:00:00,4.064,4.082,4.048,4.072,1125753.1
2025-10-01 16:00:00,4.072,4.083,4.049,4.059,1489308.8
2025-10-01 17:00:00,4.058,4.073,4.046,4.056,1017118.6
2025-10-01 18:00:00,4.055,4.105,4.055,4.097,1290619.8
2025-10-01 19:00:00,4.098,4.121,4.093,4.109,1632636.3
2025-10-01 20:00:00,4.109,4.115,4.093,4.105,1181805.8
2025-10-01 21:00:00,4.105,4.105,4.082,4.092,866981.0
2025-10-01 22:00:00,4.092,4.112,4.083,4.098,870356.2
2025-10-01 23:00:00,4.098,4.123,4.091,4.122,907506.0
2025-10-02 00:00:00,4.122,4.142,4.1,4.104,2102646.2
2025-10-02 01:00:00,4.103,4.161,4.097,4.159,1480943.1
2025-10-02 02:00:00,4.159,4.184,4.138,4.178,2508117.4
2025-10-02 03:00:00,4.178,4.183,4.166,4.171,1344041.6
2025-10-02 04:00:00,4.171,4.196,4.156,4.193,1459026.1
2025-10-02 05:00:00,4.193,4.211,4.178,4.196,1483359.7
2025-10-02 06:00:00,4.196,4.249,4.196,4.222,2201524.2
2025-10-02 07:00:00,4.222,4.23,4.189,4.193,1607932.0
2025-10-02 08:00:00,4.193,4.201,4.176,4.193,1210614.8
2025-10-02 09:00:00,4.192,4.213,4.182,4.208,1135576.4
2025-10-02 10:00:00,4.208,4.246,4.201,4.24,1599126.7
2025-10-02 11:00:00,4.24,4.267,4.233,4.252,2129543.8
2025-10-02 12:00:00,4.252,4.283,4.245,4.271,1905049.2
2025-10-02 13:00:00,4.272,4.316,4.24,4.277,4328155.4
2025-10-02 14:00:00,4.277,4.281,4.184,4.209,4540556.6
2025-10-02 15:00:00,4.209,4.242,4.171,4.24,3507240.7
2025-10-02 16:00:00,4.241,4.281,4.227,4.266,2836503.1
2025-10-02 17:00:00,4.266,4.31,4.253,4.295,1939662.2
2025-10-02 18:00:00,4.296,4.339,4.295,4.315,2591208.6
2025-10-02 19:00:00,4.316,4.333,4.307,4.316,1589702.0
2025-10-02 20:00:00,4.317,4.325,4.289,4.316,1506206.8
2025-10-02 21:00:00,4.316,4.329,4.299,4.299,1160408.4
2025-10-02 22:00:00,4.299,4.318,4.291,4.297,953513.0
2025-10-02 23:00:00,4.297,4.31,4.281,4.306,884843.8
2025-10-03 00:00:00,4.306,4.311,4.243,4.254,1919438.2
2025-10-03 01:00:00,4.254,4.268,4.222,4.229,1838531.9
2025-10-03 02:00:00,4.23,4.256,4.224,4.24,1104146.1
2025-10-03 03:00:00,4.24,4.279,4.233,4.239,1089081.5
2025-10-03 04:00:00,4.24,4.281,4.235,4.264,923271.0
2025-10-03 05:00:00,4.265,4.268,4.217,4.23,954244.8
2025-10-03 06:00:00,4.229,4.244,4.187,4.211,1820301.9
2025-10-03 07:00:00,4.21,4.214,4.186,4.203,1238847.6
2025-10-03 08:00:00,4.203,4.232,4.177,4.223,1945823.9
2025-10-03 09:00:00,4.223,4.236,4.202,4.23,1350330.6
2025-10-03 10:00:00,4.229,4.247,4.217,4.236,1087194.5
2025-10-03 11:00:00,4.235,4.237,4.212,4.225,833682.0
2025-10-03 12:00:00,4.226,4.24,4.215,4.236,863776.4
2025-10-03 13:00:00,4.235,4.277,4.2,4.258,2717217.6
2025-10-03 14:00:00,4.258,4.273,4.193,4.26,2817468.4
2025-10-03 15:00:00,4.259,4.322,4.246,4.317,2676418.4
2025-10-03 16:00:00,4.318,4.382,4.309,4.313,5113596.2
2025-10-03 17:00:00,4.313,4.317,4.236,4.262,6569088.2
2025-10-03 18:00:00,4.263,4.318,4.238,4.317,2020959.3
2025-10-03 19:00:00,4.317,4.348,4.303,4.317,2060893.0
2025-10-03 20:00:00,4.317,4.337,4.294,4.335,1453924.6
2025-10-03 21:00:00,4.335,4.341,4.315,4.328,901104.2
2025-10-03 22:00:00,4.329,4.345,4.329,4.334,630727.5
2025-10-03 23:00:00,4.335,4.336,4.314,4.319,739854.2
2025-10-04 00:00:00,4.32,4.328,4.294,4.319,949306.1
2025-10-04 01:00:00,4.319,4.32,4.266,4.276,1290132.9
2025-10-04 02:00:00,4.277,4.293,4.254,4.288,858635.8
2025-10-04 03:00:00,4.288,4.293,4.25,4.269,1061825.8
2025-10-04 04:00:00,4.269,4.279,4.247,4.262,814192.7
2025-10-04 05:00:00,4.262,4.298,4.257,4.288,1016971.1
2025-10-04 06:00:00,4.289,4.31,4.276,4.294,856215.2
2025-10-04 07:00:00,4.294,4.295,4.267,4.277,1180412.0
2025-10-04 08:00:00,4.277,4.283,4.225,4.234,2424517.2
2025-10-04 09:00:00,4.233,4.252,4.202,4.208,1977494.7
2025-10-04 10:00:00,4.209,4.229,4.192,4.199,1247571.9
2025-10-04 11:00:00,4.199,4.216,4.188,4.205,898442.2
2025-10-04 12:00:00,4.204,4.22,4.193,4.195,978803.9
2025-10-04 13:00:00,4.195,4.247,4.193,4.22,2277056.9
2025-10-04 14:00:00,4.22,4.233,4.176,4.177,1174298.0
2025-10-04 15:00:00,4.177,4.193,4.137,4.15,3782689.3
2025-10-04 16:00:00,4.151,4.173,4.133,4.168,1303795.8
2025-10-04 17:00:00,4.168,4.183,4.157,4.172,1064431.0
2025-10-04 18:00:00,4.171,4.178,4.152,4.156,550414.5
2025-10-04 19:00:00,4.157,4.182,4.156,4.174,1168200.7
2025-10-04 20:00:00,4.175,4.19,4.168,4.169,952406.4
2025-10-04 21:00:00,4.168,4.195,4.168,4.182,580152.3
2025-10-04 22:00:00,4.182,4.208,4.175,4.196,1206051.2
2025-10-04 23:00:00,4.196,4.204,4.187,4.188,559188.6
2025-10-05 00:00:00,4.187,4.21,4.163,4.168,933812.4
2025-10-05 01:00:00,4.168,4.198,4.167,4.194,448584.4
2025-10-05 02:00:00,4.194,4.267,4.186,4.264,2348896.9
2025-10-05 03:00:00,4.264,4.277,4.243,4.248,1515951.8
2025-10-05 04:00:00,4.247,4.303,4.238,4.29,2669557.8
2025-10-05 05:00:00,4.29,4.315,4.281,4.307,2044865.0
2025-10-05 06:00:00,4.308,4.31,4.276,4.281,1140988.9
2025-10-05 07:00:00,4.282,4.357,4.282,4.356,2300324.1
2025-10-05 08:00:00,4.357,4.376,4.306,4.323,2493103.9
2025-10-05 09:00:00,4.323,4.327,4.272,4.276,3725964.5
2025-10-05 10:00:00,4.276,4.286,4.245,4.259,2427382.4
2025-10-05 11:00:00,4.259,4.268,4.228,4.264,1613837.5
2025-10-05 12:00:00,4.263,4.263,4.227,4.228,1146890.6
2025-10-05 13:00:00,4.228,4.256,4.227,4.244,913025.6
2025-10-05 14:00:00,4.243,4.266,4.211,4.229,1452243.3
2025-10-05 15:00:00,4.228,4.252,4.223,4.242,639585.9
2025-10-05 16:00:00,4.243,4.253,4.2,4.238,1778443.6
2025-10-05 17:00:00,4.239,4.247,4.159,4.172,3880286.4
2025-10-05 18:00:00,4.173,4.194,4.157,4.183,1451547.6
2025-10-05 19:00:00,4.184,4.184,4.074,4.096,5973557.8
2025-10-05 20:00:00,4.097,4.132,4.075,4.115,2515149.1
2025-10-05 21:00:00,4.116,4.131,4.108,4.125,1014146.5
2025-10-05 22:00:00,4.126,4.145,4.114,4.137,1042017.3
2025-10-05 23:00:00,4.138,4.146,4.128,4.131,844594.6
2025-10-06 00:00:00,4.131,4.187,4.106,4.122,2706613.0
2025-10-06 01:00:00,4.123,4.17,4.11,4.145,1482394.2
2025-10-06 02:00:00,4.145,4.175,4.123,4.158,1221353.6
2025-10-06 03:00:00,4.157,4.166,4.147,4.156,692936.8
2025-10-06 04:00:00,4.156,4.168,4.139,4.143,850656.3
2025-10-06 05:00:00,4.142,4.169,4.132,4.165,715670.5
2025-10-06 06:00:00,4.165,4.196,4.161,4.178,1425862.2
2025-10-06 07:00:00,4.178,4.19,4.145,4.162,1191927.5
2025-10-06 08:00:00,4.162,4.193,4.162,4.182,1243513.2
2025-10-06 09:00:00,4.183,4.197,4.168,4.19,1668051.9
2025-10-06 10:00:00,4.19,4.217,4.18,4.217,1353893.3
2025-10-06 11:00:00,4.216,4.235,4.202,4.214,1435680.8
2025-10-06 12:00:00,4.214,4.259,4.212,4.257,2056929.2
2025-10-06 13:00:00,4.257,4.439,4.256,4.39,10741245.6
2025-10-06 14:00:00,4.391,4.411,4.347,4.365,6785666.5
2025-10-06 15:00:00,4.365,4.413,4.365,4.378,2526195.5
2025-10-06 16:00:00,4.378,4.394,4.348,4.368,1992237.2
2025-10-06 17:00:00,4.368,4.4,4.357,4.383,2050174.5
2025-10-06 18:00:00,4.384,4.396,4.369,4.391,1074749.1
2025-10-06 19:00:00,4.391,4.407,4.376,4.389,1235044.0
2025-10-06 20:00:00,4.388,4.401,4.372,4.38,1079574.2
2025-10-06 21:00:00,4.379,4.399,4.349,4.388,1918967.8
2025-10-06 22:00:00,4.388,4.41,4.38,4.395,2068560.1
2025-10-06 23:00:00,4.395,4.404,4.378,4.398,1306241.1
2025-10-07 00:00:00,4.398,4.414,4.375,4.411,2198870.4
2025-10-07 01:00:00,4.411,4.436,4.386,4.4,2417126.8
2025-10-07 02:00:00,4.4,4.404,4.372,4.374,1189983.1
2025-10-07 03:00:00,4.373,4.392,4.36,4.366,1138303.9
2025-10-07 04:00:00,4.366,4.388,4.328,4.38,2263129.0
2025-10-07 05:00:00,4.38,4.383,4.357,4.362,849180.2
2025-10-07 06:00:00,4.361,4.365,4.289,4.293,2341001.8
2025-10-07 07:00:00,4.292,4.316,4.279,4.29,1676049.3
2025-10-07 08:00:00,4.29,4.305,4.247,4.295,2895390.3
2025-10-07 09:00:00,4.295,4.317,4.291,4.302,1595170.9
2025-10-07 10:00:00,4.302,4.335,4.287,4.319,1670941.2
2025-10-07 11:00:00,4.319,4.335,4.31,4.327,1214776.1
2025-10-07 12:00:00,4.326,4.359,4.314,4.359,1719664.7
2025-10-07 13:00:00,4.359,4.362,4.267,4.31,5019766.0
2025-10-07 14:00:00,4.31,4.316,4.205,4.207,6207632.5
2025-10-07 15:00:00,4.207,4.222,4.126,4.153,11941259.1
2025-10-07 16:00:00,4.153,4.2,4.107,4.18,4987330.6
2025-10-07 17:00:00,4.179,4.192,4.147,4.152,1663754.7
2025-10-07 18:00:00,4.152,4.163,4.137,4.138,1483614.7
2025-10-07 19:00:00,4.139,4.163,4.127,4.14,1452176.3
2025-10-07 20:00:00,4.14,4.189,4.135,4.167,1322206.1
2025-10-07 21:00:00,4.167,4.185,4.146,4.158,970956.1
2025-10-07 22:00:00,4.158,4.179,4.146,4.164,630392.9
2025-10-07 23:00:00,4.165,4.167,4.131,4.136,1318751.7
2025-10-08 00:00:00,4.137,4.185,4.131,4.169,1032035.6
2025-10-08 01:00:00,4.168,4.181,4.155,4.168,831495.1
2025-10-08 02:00:00,4.167,4.175,4.145,4.149,672288.1
2025-10-08 03:00:00,4.148,4.149,4.083,4.098,2664482.2
2025-10-08 04:00:00,4.098,4.118,4.06,4.11,2541581.7
2025-10-08 05:00:00,4.11,4.117,4.073,4.103,2179319.8
2025-10-08 06:00:00,4.103,4.13,4.093,4.126,1124967.7
2025-10-08 07:00:00,4.127,4.154,4.12,4.152,1140560.6
2025-10-08 08:00:00,4.152,4.165,4.11,4.143,2862454.1
2025-10-08 09:00:00,4.143,4.148,4.12,4.13,991137.4
2025-10-08 10:00:00,4.13,4.175,4.129,4.173,1260236.7
2025-10-08 11:00:00,4.174,4.182,4.144,4.151,1190622.9
2025-10-08 12:00:00,4.152,4.164,4.137,4.143,854787.4
2025-10-08 13:00:00,4.142,4.157,4.111,4.153,2024819.7
2025-10-08 14:00:00,4.153,4.198,4.12,4.129,2537861.5
2025-10-08 15:00:00,4.129,4.159,4.127,4.135,1021299.3
2025-10-08 16:00:00,4.134,4.175,4.125,4.174,931739.6
2025-10-08 17:00:00,4.173,4.241,4.169,4.23,2701626.4
2025-10-08 18:00:00,4.23,4.239,4.202,4.22,1835507.6
2025-10-08 19:00:00,4.219,4.231,4.196,4.217,2289861.5
2025-10-08 20:00:00,4.218,4.227,4.188,4.192,797136.2
2025-10-08 21:00:00,4.191,4.222,4.19,4.206,474872.7
2025-10-08 22:00:00,4.206,4.222,4.199,4.201,499319.8
2025-10-08 23:00:00,4.201,4.209,4.184,4.192,799451.8
2025-10-09 00:00:00,4.193,4.197,4.167,4.169,1031528.5
2025-10-09 01:00:00,4.169,4.17,4.125,4.141,1954590.4
2025-10-09 02:00:00,4.14,4.141,4.062,4.074,2423940.6
2025-10-09 03:00:00,4.074,4.116,4.072,4.108,2232752.3
2025-10-09 04:00:00,4.107,4.124,4.097,4.121,843310.9
2025-10-09 05:00:00,4.121,4.128,4.094,4.104,979741.3
2025-10-09 06:00:00,4.104,4.106,4.078,4.085,1211485.6
2025-10-09 07:00:00,4.085,4.093,4.051,4.055,1424174.2
2025-10-09 08:00:00,4.055,4.059,3.981,3.984,5137791.7
2025-10-09 09:00:00,3.985,4.024,3.983,4.017,2453057.1
2025-10-09 10:00:00,4.017,4.037,4.003,4.026,1610695.9
2025-10-09 11:00:00,4.026,4.05,4.025,4.034,1166743.8
2025-10-09 12:00:00,4.034,4.078,4.03,4.068,1933340.8
2025-10-09 13:00:00,4.068,4.072,4.009,4.012,1872429.2
2025-10-09 14:00:00,4.012,4.039,3.978,4.015,3746107.8
2025-10-09 15:00:00,4.015,4.032,3.982,4.001,1598994.0
2025-10-09 16:00:00,4.001,4.017,3.961,3.972,2254586.3
2025-10-09 17:00:00,3.971,4.037,3.968,4.033,1677404.2
2025-10-09 18:00:00,4.032,4.038,4.015,4.015,1205746.5
2025-10-09 19:00:00,4.015,4.041,4.014,4.033,1028883.3
2025-10-09 20:00:00,4.034,4.05,4.023,4.036,835746.9
2025-10-09 21:00:00,4.037,4.05,4.027,4.048,797941.1
2025-10-09 22:00:00,4.048,4.101,4.042,4.08,1696579.3
2025-10-09 23:00:00,4.081,4.084,4.053,4.072,1381741.0
2025-10-10 00:00:00,4.072,4.094,4.07,4.08,836368.2
2025-10-10 01:00:00,4.079,4.092,4.068,4.08,816142.9
2025-10-10 02:00:00,4.081,4.087,4.059,4.068,932807.2
2025-10-10 03:00:00,4.068,4.149,4.048,4.112,2450498.1
2025-10-10 04:00:00,4.111,4.13,4.09,4.109,1308416.1
2025-10-10 05:00:00,4.11,4.149,4.08,4.145,1408946.7
2025-10-10 06:00:00,4.145,4.15,4.087,4.1,1354363.9
2025-10-10 07:00:00,4.099,4.1,4.072,4.08,1601452.5
2025-10-10 08:00:00,4.08,4.105,4.062,4.103,1238883.0
2025-10-10 09:00:00,4.103,4.146,4.093,4.105,2421591.1
2025-10-10 10:00:00,4.105,4.144,4.101,4.138,1344553.8
2025-10-10 11:00:00,4.138,4.187,4.13,4.175,2583268.4
2025-10-10 12:00:00,4.175,4.239,4.169,4.233,2656402.8
2025-10-10 13:00:00,4.233,4.289,4.226,4.245,6492438.9
2025-10-10 14:00:00,4.244,4.27,4.176,4.193,3980509.0
2025-10-10 15:00:00,4.194,4.201,4.009,4.056,15627032.3
2025-10-10 16:00:00,4.056,4.087,4.018,4.021,3979178.3
2025-10-10 17:00:00,4.021,4.036,3.977,3.994,4308746.3
2025-10-10 18:00:00,3.994,4.019,3.968,3.974,2818680.1
2025-10-10 19:00:00,3.975,3.985,3.873,3.926,7876484.6
2025-10-10 20:00:00,3.927,3.966,3.657,3.701,14529843.2
2025-10-10 21:00:00,3.702,3.751,0.942,2.891,76305603.7
2025-10-10 22:00:00,2.889,2.936,2.495,2.855,49021452.0
2025-10-10 23:00:00,2.856,3.07,2.801,2.937,21207321.7
2025-10-11 00:00:00,2.937,3.0,2.849,2.946,13331638.0
2025-10-11 01:00:00,2.946,2.97,2.884,2.907,9261393.2
2025-10-11 02:00:00,2.907,3.186,2.904,3.144,11749668.4
2025-10-11 03:00:00,3.144,3.153,3.048,3.12,7037466.7
2025-10-11 04:00:00,3.12,3.193,3.098,3.179,5411749.6
2025-10-11 05:00:00,3.178,3.186,3.085,3.128,4531718.0
2025-10-11 06:00:00,3.129,3.211,3.115,3.157,5314757.9
2025-10-11 07:00:00,3.157,3.209,3.139,3.19,4964354.3
2025-10-11 08:00:00,3.19,3.284,3.16,3.276,5686548.8
2025-10-11 09:00:00,3.275,3.301,3.236,3.255,6273653.6
2025-10-11 10:00:00,3.255,3.314,3.25,3.256,3753020.0
2025-10-11 11:00:00,3.256,3.259,3.188,3.22,3769593.5
2025-10-11 12:00:00,3.219,3.219,3.121,3.141,6319179.7
2025-10-11 13:00:00,3.142,3.146,3.065,3.133,5924253.1
2025-10-11 14:00:00,3.134,3.144,3.096,3.126,2534528.2
2025-10-11 15:00:00,3.126,3.154,3.124,3.14,2697301.6
2025-10-11 16:00:00,3.14,3.162,3.109,3.123,3106356.9
2025-10-11 17:00:00,3.123,3.15,3.116,3.143,2052651.1
2025-10-11 18:00:00,3.143,3.144,3.118,3.123,1643158.6
2025-10-11 19:00:00,3.123,3.127,2.982,3.014,7997851.2
2025-10-11 20:00:00,3.014,3.022,2.93,2.955,7210807.8
2025-10-11 21:00:00,2.955,3.01,2.89,2.999,7363762.9
2025-10-11 22:00:00,2.999,3.024,2.983,3.004,3206404.3
2025-10-11 23:00:00,3.004,3.011,2.989,2.994,1532721.4
2025-10-12 00:00:00,2.995,2.998,2.935,2.941,3062699.4
2025-10-12 01:00:00,2.941,2.98,2.922,2.927,2985006.3
2025-10-12 02:00:00,2.926,2.963,2.906,2.937,3308486.2
2025-10-12 03:00:00,2.936,3.001,2.932,2.975,3467328.1
2025-10-12 04:00:00,2.974,3.035,2.973,3.016,2807617.2
2025-10-12 05:00:00,3.016,3.028,3.0,3.018,1356387.9
2025-10-12 06:00:00,3.017,3.057,3.013,3.032,1918033.4
2025-10-12 07:00:00,3.032,3.04,3.012,3.018,1985766.6
2025-10-12 08:00:00,3.017,3.035,2.994,2.996,1594976.6
2025-10-12 09:00:00,2.995,3.016,2.966,3.013,2709118.0
2025-10-12 10:00:00,3.013,3.028,2.996,3.005,1735746.5
2025-10-12 11:00:00,3.005,3.035,3.005,3.02,1548500.7
2025-10-12 12:00:00,3.021,3.055,3.018,3.036,2708976.3
2025-10-12 13:00:00,3.035,3.05,2.981,3.002,3492339.1
2025-10-12 14:00:00,3.002,3.145,2.999,3.103,9152418.6
2025-10-12 15:00:00,3.104,3.207,3.099,3.197,8669906.5
2025-10-12 16:00:00,3.197,3.286,3.196,3.243,8005130.2
2025-10-12 17:00:00,3.243,3.279,3.228,3.256,2775850.7
2025-10-12 18:00:00,3.256,3.275,3.207,3.228,2422983.2
2025-10-12 19:00:00,3.228,3.278,3.224,3.276,2015852.6
2025-10-12 20:00:00,3.276,3.306,3.257,3.266,2991385.2
2025-10-12 21:00:00,3.266,3.287,3.185,3.244,3314167.6
2025-10-12 22:00:00,3.244,3.269,3.22,3.245,2215124.7
2025-10-12 23:00:00,3.244,3.246,3.209,3.238,2061186.8
2025-10-13 00:00:00,3.238,3.264,3.194,3.212,3170411.0
2025-10-13 01:00:00,3.211,3.248,3.19,3.248,2768234.9
2025-10-13 02:00:00,3.247,3.258,3.212,3.236,1857988.1
2025-10-13 03:00:00,3.237,3.248,3.216,3.22,1648401.1
2025-10-13 04:00:00,3.22,3.24,3.197,3.236,1623452.2
2025-10-13 05:00:00,3.236,3.24,3.213,3.229,1456407.8
2025-10-13 06:00:00,3.228,3.284,3.208,3.273,2576580.8
2025-10-13 07:00:00,3.273,3.324,3.268,3.291,4576340.2
2025-10-13 08:00:00,3.291,3.349,3.282,3.337,3320600.3
2025-10-13 09:00:00,3.336,3.354,3.308,3.353,4053342.4
2025-10-13 10:00:00,3.353,3.363,3.32,3.339,2517555.9
2025-10-13 11:00:00,3.338,3.355,3.214,3.268,12004257.5
2025-10-13 12:00:00,3.269,3.305,3.243,3.253,4597705.3
2025-10-13 13:00:00,3.253,3.348,3.236,3.334,12474406.8
2025-10-13 14:00:00,3.333,3.345,3.255,3.271,6722031.4
2025-10-13 15:00:00,3.272,3.334,3.27,3.318,2726562.6
2025-10-13 16:00:00,3.317,3.338,3.283,3.318,3566077.9
2025-10-13 17:00:00,3.317,3.376,3.304,3.369,3472156.2
2025-10-13 18:00:00,3.368,3.398,3.349,3.36,4055065.4
2025-10-13 19:00:00,3.36,3.408,3.355,3.395,3947386.7
2025-10-13 20:00:00,3.395,3.42,3.375,3.418,2407477.7
2025-10-13 21:00:00,3.417,3.442,3.398,3.404,2850294.1
2025-10-13 22:00:00,3.403,3.422,3.392,3.403,1769402.7
2025-10-13 23:00:00,3.403,3.407,3.364,3.373,2683752.7
2025-10-14 00:00:00,3.373,3.396,3.355,3.383,1944620.3
2025-10-14 01:00:00,3.382,3.383,3.346,3.357,1784666.0
2025-10-14 02:00:00,3.357,3.358,3.31,3.314,2012169.5
2025-10-14 03:00:00,3.314,3.316,3.287,3.298,2632886.2
2025-10-14 04:00:00,3.298,3.31,3.234,3.251,4501701.5
2025-10-14 05:00:00,3.251,3.278,3.191,3.215,5420424.5
2025-10-14 06:00:00,3.215,3.237,3.067,3.133,12282898.9
2025-10-14 07:00:00,3.133,3.157,3.092,3.113,6506771.2
2025-10-14 08:00:00,3.113,3.165,3.09,3.143,5343690.4
2025-10-14 09:00:00,3.142,3.171,3.139,3.153,2511431.9
2025-10-14 10:00:00,3.152,3.152,3.071,3.114,5306114.5
2025-10-14 11:00:00,3.115,3.162,3.112,3.136,2753590.6
2025-10-14 12:00:00,3.136,3.14,3.088,3.095,3021627.2
2025-10-14 13:00:00,3.096,3.149,3.063,3.13,7371208.5
2025-10-14 14:00:00,3.13,3.192,3.116,3.157,5764243.9
2025-10-14 15:00:00,3.158,3.237,3.14,3.235,4111774.7
2025-10-14 16:00:00,3.235,3.281,3.209,3.225,5737126.7
2025-10-14 17:00:00,3.224,3.262,3.181,3.236,3981919.6
2025-10-14 18:00:00,3.237,3.275,3.236,3.251,1756682.2
2025-10-14 19:00:00,3.251,3.278,3.186,3.233,6121513.8
2025-10-14 20:00:00,3.232,3.247,3.208,3.24,1997097.3
2025-10-14 21:00:00,3.24,3.247,3.213,3.243,800166.0
2025-10-14 22:00:00,3.243,3.264,3.231,3.242,845002.7
2025-10-14 23:00:00,3.242,3.258,3.24,3.246,674101.0
2025-10-15 00:00:00,3.245,3.252,3.215,3.238,1195190.9
2025-10-15 01:00:00,3.237,3.241,3.206,3.226,1039946.7
2025-10-15 02:00:00,3.226,3.263,3.22,3.24,1364196.6
2025-10-15 03:00:00,3.24,3.248,3.197,3.221,1263275.1
2025-10-15 04:00:00,3.222,3.257,3.204,3.253,1535019.9
2025-10-15 05:00:00,3.253,3.273,3.244,3.254,1245982.4
2025-10-15 06:00:00,3.254,3.272,3.229,3.27,1400396.4
2025-10-15 07:00:00,3.27,3.284,3.258,3.277,1275705.1
2025-10-15 08:00:00,3.277,3.339,3.271,3.3,3078248.8
2025-10-15 09:00:00,3.299,3.307,3.253,3.265,2155400.4
2025-10-15 10:00:00,3.264,3.275,3.232,3.245,2155692.6
2025-10-15 11:00:00,3.245,3.254,3.212,3.222,2275567.3
2025-10-15 12:00:00,3.222,3.236,3.178,3.199,3303355.0
2025-10-15 13:00:00,3.198,3.211,3.116,3.182,5684916.5
2025-10-15 14:00:00,3.183,3.221,3.14,3.163,4287599.6
2025-10-15 15:00:00,3.163,3.186,3.122,3.142,2952597.7
2025-10-15 16:00:00,3.143,3.165,3.125,3.148,2208966.0
2025-10-15 17:00:00,3.148,3.162,3.119,3.161,2061606.5
2025-10-15 18:00:00,3.161,3.184,3.146,3.179,2356809.7
2025-10-15 19:00:00,3.179,3.18,3.129,3.144,2256393.1
2025-10-15 20:00:00,3.145,3.165,3.076,3.121,4783305.4
2025-10-15 21:00:00,3.121,3.152,3.094,3.121,1919034.4
2025-10-15 22:00:00,3.121,3.146,3.113,3.121,1266743.4
2025-10-15 23:00:00,3.122,3.142,3.112,3.134,1867409.2
2025-10-16 00:00:00,3.135,3.149,3.121,3.124,1472992.8
2025-10-16 01:00:00,3.123,3.167,3.121,3.163,1548890.7
2025-10-16 02:00:00,3.164,3.174,3.13,3.143,1585262.9
2025-10-16 03:00:00,3.143,3.149,3.115,3.121,1215068.1
2025-10-16 04:00:00,3.121,3.149,3.114,3.123,1198412.2
2025-10-16 05:00:00,3.124,3.15,3.111,3.131,1257971.8
2025-10-16 06:00:00,3.132,3.175,3.13,3.168,1294100.4
2025-10-16 07:00:00,3.168,3.17,3.13,3.145,1574106.7
2025-10-16 08:00:00,3.146,3.148,3.114,3.13,1228087.6
2025-10-16 09:00:00,3.129,3.175,3.036,3.157,8125839.6
2025-10-16 10:00:00,3.157,3.198,3.154,3.172,2696418.9
2025-10-16 11:00:00,3.172,3.185,3.152,3.18,1769156.7
2025-10-16 12:00:00,3.181,3.204,3.17,3.176,2029753.0
2025-10-16 13:00:00,3.176,3.187,3.136,3.15,2974694.7
2025-10-16 14:00:00,3.15,3.177,3.099,3.138,5739299.8
2025-10-16 15:00:00,3.139,3.15,3.04,3.056,6282665.0
2025-10-16 16:00:00,3.055,3.126,3.017,3.125,6693167.1
2025-10-16 17:00:00,3.124,3.126,3.064,3.072,2797028.6
2025-10-16 18:00:00,3.071,3.075,3.033,3.062,2576422.7
2025-10-16 19:00:00,3.062,3.067,2.99,3.018,4550848.6
2025-10-16 20:00:00,3.018,3.029,2.958,2.987,3861123.5
2025-10-16 21:00:00,2.986,3.031,2.982,3.029,1884137.5
2025-10-16 22:00:00,3.029,3.035,2.983,2.987,1691461.1
2025-10-16 23:00:00,2.987,3.021,2.98,3.014,1169166.2
2025-10-17 00:00:00,3.015,3.038,3.01,3.034,1575004.3
2025-10-17 01:00:00,3.034,3.058,3.015,3.028,1359929.1
2025-10-17 02:00:00,3.028,3.037,3.005,3.029,1161637.4
2025-10-17 03:00:00,3.029,3.043,3.027,3.041,1097254.3
2025-10-17 04:00:00,3.042,3.045,3.024,3.028,950130.8
2025-10-17 05:00:00,3.028,3.034,2.999,3.008,1636629.6
2025-10-17 06:00:00,3.008,3.015,2.889,2.903,7965107.4
2025-10-17 07:00:00,2.904,2.91,2.809,2.819,10277582.0
2025-10-17 08:00:00,2.819,2.84,2.768,2.797,9117368.5
2025-10-17 09:00:00,2.796,2.893,2.79,2.838,4718395.3
2025-10-17 10:00:00,2.838,2.857,2.792,2.845,5532582.1
2025-10-17 11:00:00,2.845,2.934,2.84,2.908,6159441.3
2025-10-17 12:00:00,2.907,2.923,2.885,2.889,2467369.1
2025-10-17 13:00:00,2.889,2.929,2.861,2.909,4990171.5
2025-10-17 14:00:00,2.908,2.919,2.852,2.879,4062817.6
2025-10-17 15:00:00,2.879,2.923,2.865,2.921,3341668.6
2025-10-17 16:00:00,2.921,2.96,2.89,2.899,4726429.0
2025-10-17 17:00:00,2.898,2.919,2.891,2.912,1851309.0
2025-10-17 18:00:00,2.912,2.93,2.9,2.909,1943546.4
2025-10-17 19:00:00,2.909,2.92,2.887,2.902,1604385.7
2025-10-17 20:00:00,2.902,2.931,2.895,2.922,1362316.9
2025-10-17 21:00:00,2.922,2.945,2.92,2.935,1212317.3
2025-10-17 22:00:00,2.935,2.94,2.903,2.906,1258808.9
2025-10-17 23:00:00,2.906,2.906,2.882,2.889,1397444.5
2025-10-18 00:00:00,2.888,2.914,2.886,2.909,1228537.2
2025-10-18 01:00:00,2.909,2.939,2.907,2.935,1011498.4
2025-10-18 02:00:00,2.936,2.944,2.91,2.917,1181399.5
2025-10-18 03:00:00,2.918,2.939,2.917,2.933,705746.1
2025-10-18 04:00:00,2.932,2.933,2.9,2.902,926330.7
2025-10-18 05:00:00,2.901,2.921,2.895,2.92,965653.9
2025-10-18 06:00:00,2.92,2.933,2.909,2.927,1073831.8
2025-10-18 07:00:00,2.927,2.968,2.914,2.922,2453528.5
2025-10-18 08:00:00,2.922,2.932,2.913,2.914,1007930.1
2025-10-18 09:00:00,2.915,2.936,2.91,2.932,1047632.5
2025-10-18 10:00:00,2.932,2.942,2.919,2.934,1189588.6
2025-10-18 11:00:00,2.934,2.948,2.929,2.942,1035935.9
2025-10-18 12:00:00,2.943,2.954,2.931,2.932,923521.4
2025-10-18 13:00:00,2.933,2.933,2.904,2.912,1317316.3
2025-10-18 14:00:00,2.911,2.933,2.897,2.925,1399923.0
2025-10-18 15:00:00,2.924,2.932,2.905,2.92,849607.7
2025-10-18 16:00:00,2.919,2.924,2.89,2.907,1319592.8
2025-10-18 17:00:00,2.906,2.937,2.897,2.933,1461697.1
2025-10-18 18:00:00,2.933,2.938,2.923,2.927,550642.9
2025-10-18 19:00:00,2.927,2.934,2.92,2.933,721242.1
2025-10-18 20:00:00,2.933,2.946,2.925,2.927,1004906.1
2025-10-18 21:00:00,2.926,2.939,2.915,2.935,646315.7
2025-10-18 22:00:00,2.935,2.942,2.925,2.929,603826.3
2025-10-18 23:00:00,2.928,2.931,2.923,2.929,468186.8
2025-10-19 00:00:00,2.929,2.934,2.901,2.912,1142507.5
2025-10-19 01:00:00,2.912,2.927,2.901,2.924,870530.1
2025-10-19 02:00:00,2.924,2.928,2.905,2.911,790583.9
2025-10-19 03:00:00,2.91,2.941,2.905,2.933,918233.0
2025-10-19 04:00:00,2.934,2.938,2.917,2.92,698783.1
2025-10-19 05:00:00,2.92,2.933,2.911,2.917,810643.3
2025-10-19 06:00:00,2.917,2.922,2.896,2.905,944508.3
2025-10-19 07:00:00,2.906,2.916,2.902,2.913,776943.8
2025-10-19 08:00:00,2.914,2.946,2.894,2.9,3310933.8
2025-10-19 09:00:00,2.899,2.963,2.882,2.94,4019263.1
2025-10-19 10:00:00,2.94,2.995,2.931,2.989,3698864.9
2025-10-19 11:00:00,2.989,3.017,2.977,2.981,3199238.5
2025-10-19 12:00:00,2.981,2.986,2.961,2.975,1394232.7
2025-10-19 13:00:00,2.975,3.034,2.967,3.027,2860073.7
2025-10-19 14:00:00,3.028,3.042,3.009,3.035,2552764.8
2025-10-19 15:00:00,3.036,3.039,3.021,3.029,1414970.1
2025-10-19 16:00:00,3.029,3.04,3.01,3.028,2001939.3
2025-10-19 17:00:00,3.028,3.056,3.018,3.021,2098739.4
2025-10-19 18:00:00,3.021,3.03,3.015,3.027,1078655.7
2025-10-19 19:00:00,3.026,3.028,3.01,3.024,1321365.2
2025-10-19 20:00:00,3.023,3.036,3.017,3.033,742269.4
2025-10-19 21:00:00,3.033,3.035,3.01,3.022,879634.9
2025-10-19 22:00:00,3.022,3.037,3.02,3.028,866447.8
2025-10-19 23:00:00,3.027,3.027,3.001,3.007,1206418.4
2025-10-20 00:00:00,3.006,3.007,2.945,2.98,3148735.2
2025-10-20 01:00:00,2.98,2.991,2.968,2.977,1247980.2
2025-10-20 02:00:00,2.976,2.999,2.96,2.989,1325809.7
2025-10-20 03:00:00,2.99,3.069,2.981,3.059,2332334.3
2025-10-20 04:00:00,3.059,3.075,3.048,3.064,2071578.9
2025-10-20 05:00:00,3.064,3.088,3.052,3.082,1629136.3
2025-10-20 06:00:00,3.083,3.12,3.076,3.105,2343855.4
2025-10-20 07:00:00,3.104,3.116,3.078,3.091,1887043.6
2025-10-20 08:00:00,3.091,3.102,3.072,3.08,1471102.7
2025-10-20 09:00:00,3.079,3.088,3.069,3.087,1211835.7
2025-10-20 10:00:00,3.086,3.111,3.08,3.09,1942023.2
2025-10-20 11:00:00,3.089,3.093,3.074,3.09,1561989.8
2025-10-20 12:00:00,3.091,3.101,3.083,3.091,885091.4
2025-10-20 13:00:00,3.09,3.115,3.076,3.113,1306559.2
2025-10-20 14:00:00,3.113,3.123,3.085,3.12,1675207.5
2025-10-20 15:00:00,3.12,3.129,3.084,3.085,2220529.2
2025-10-20 16:00:00,3.084,3.085,3.029,3.063,5436758.3
2025-10-20 17:00:00,3.062,3.079,3.042,3.064,1467398.4
2025-10-20 18:00:00,3.064,3.086,3.058,3.083,1647022.5
2025-10-20 19:00:00,3.083,3.108,3.069,3.096,1377076.0
2025-10-20 20:00:00,3.097,3.106,3.087,3.102,803417.5
2025-10-20 21:00:00,3.102,3.112,3.072,3.08,703506.0
2025-10-20 22:00:00,3.079,3.093,3.071,3.09,438323.2
2025-10-20 23:00:00,3.089,3.093,3.079,3.083,1028147.9
2025-10-21 00:00:00,3.083,3.088,3.072,3.077,652567.6
2025-10-21 01:00:00,3.077,3.078,3.044,3.056,1337285.6
2025-10-21 02:00:00,3.056,3.057,3.033,3.037,1255285.4
2025-10-21 03:00:00,3.037,3.044,3.017,3.022,987650.2
2025-10-21 04:00:00,3.022,3.024,2.95,2.957,4135409.6
2025-10-21 05:00:00,2.957,2.975,2.946,2.962,1917401.1
2025-10-21 06:00:00,2.962,2.988,2.956,2.981,1332475.4
2025-10-21 07:00:00,2.981,2.998,2.972,2.991,1056471.2
2025-10-21 08:00:00,2.991,2.991,2.958,2.971,1484337.5
2025-10-21 09:00:00,2.97,2.977,2.963,2.971,903760.3
2025-10-21 10:00:00,2.971,3.011,2.967,2.999,1523873.9
2025-10-21 11:00:00,2.998,3.009,2.987,3.002,1278578.5
2025-10-21 12:00:00,3.001,3.034,2.992,3.007,1733516.1
2025-10-21 13:00:00,3.008,3.024,2.986,3.001,2100946.8
2025-10-21 14:00:00,3.001,3.133,3.0,3.128,5475878.7
2025-10-21 15:00:00,3.128,3.182,3.11,3.171,5914197.4
2025-10-21 16:00:00,3.17,3.188,3.122,3.129,6257659.9
2025-10-21 17:00:00,3.13,3.158,3.106,3.138,6858068.0
2025-10-21 18:00:00,3.139,3.149,3.116,3.132,2720064.8
2025-10-21 19:00:00,3.132,3.141,3.121,3.129,1303600.6
2025-10-21 20:00:00,3.129,3.134,3.085,3.097,2528099.5
2025-10-21 21:00:00,3.098,3.117,3.054,3.096,2056748.2
2025-10-21 22:00:00,3.095,3.098,3.027,3.042,3165703.1
2025-10-21 23:00:00,3.041,3.049,2.995,3.004,2313850.5
2025-10-22 00:00:00,3.003,3.022,2.979,2.998,2584386.6
2025-10-22 01:00:00,2.999,3.023,2.997,3.015,1804271.0
2025-10-22 02:00:00,3.016,3.026,3.011,3.013,1439520.0
2025-10-22 03:00:00,3.013,3.013,2.991,3.007,1168706.0
2025-10-22 04:00:00,3.006,3.025,3.004,3.021,1306889.8
2025-10-22 05:00:00,3.02,3.024,2.967,2.99,2860085.1
2025-10-22 06:00:00,2.989,2.991,2.971,2.971,1340795.6
2025-10-22 07:00:00,2.972,2.989,2.961,2.985,1923816.9
2025-10-22 08:00:00,2.984,2.985,2.97,2.974,1006392.5
2025-10-22 09:00:00,2.973,2.979,2.947,2.958,1696458.6
2025-10-22 10:00:00,2.957,2.97,2.946,2.949,1269047.1
2025-10-22 11:00:00,2.95,2.991,2.918,2.974,4592614.4
2025-10-22 12:00:00,2.973,3.001,2.965,2.989,2099226.4
2025-10-22 13:00:00,2.99,3.027,2.975,3.021,3184526.3
2025-10-22 14:00:00,3.02,3.023,2.95,3.007,5537182.7
2025-10-22 15:00:00,3.007,3.019,2.961,2.988,2734314.1
2025-10-22 16:00:00,2.989,2.997,2.952,2.972,3207243.8
2025-10-22 17:00:00,2.972,2.981,2.938,2.947,1332248.3
2025-10-22 18:00:00,2.946,2.958,2.927,2.941,1638101.4
2025-10-22 19:00:00,2.942,2.971,2.914,2.942,2111484.0
2025-10-22 20:00:00,2.943,2.95,2.911,2.917,1930802.2
2025-10-22 21:00:00,2.916,2.917,2.826,2.869,6778507.1
2025-10-22 22:00:00,2.868,2.887,2.85,2.864,2006047.0
2025-10-22 23:00:00,2.864,2.922,2.863,2.916,2033041.3
2025-10-23 00:00:00,2.917,2.93,2.909,2.925,1316381.5
2025-10-23 01:00:00,2.924,2.943,2.923,2.929,1272881.9
2025-10-23 02:00:00,2.929,2.935,2.923,2.928,591916.2
2025-10-23 03:00:00,2.928,2.937,2.915,2.918,1192067.2
2025-10-23 04:00:00,2.919,2.934,2.912,2.923,716145.5
2025-10-23 05:00:00,2.924,2.932,2.913,2.927,966037.8
2025-10-23 06:00:00,2.928,2.976,2.923,2.974,1944908.7
2025-10-23 07:00:00,2.975,2.977,2.954,2.965,935939.2
2025-10-23 08:00:00,2.965,2.984,2.963,2.974,947443.7
2025-10-23 09:00:00,2.975,2.977,2.963,2.969,808811.8
2025-10-23 10:00:00,2.97,2.982,2.967,2.969,1083704.0
2025-10-23 11:00:00,2.969,2.979,2.954,2.96,1036354.0
2025-10-23 12:00:00,2.959,2.96,2.931,2.959,1642244.6
2025-10-23 13:00:00,2.959,2.987,2.942,2.975,1392344.0
2025-10-23 14:00:00,2.975,2.977,2.942,2.963,1642684.9
2025-10-23 15:00:00,2.964,3.007,2.959,2.994,1926051.9
2025-10-23 16:00:00,2.994,3.022,2.987,3.017,1318179.0
2025-10-23 17:00:00,3.017,3.035,2.988,3.027,2015789.1
2025-10-23 18:00:00,3.028,3.032,2.991,2.996,1437142.3
2025-10-23 19:00:00,2.997,2.999,2.982,2.993,747050.7
2025-10-23 20:00:00,2.994,2.995,2.953,2.966,1283824.6
2025-10-23 21:00:00,2.966,2.979,2.961,2.965,751239.5
2025-10-23 22:00:00,2.965,2.988,2.965,2.985,1053992.8
2025-10-23 23:00:00,2.984,3.003,2.98,3.001,767908.3
2025-10-24 00:00:00,3.001,3.01,2.991,3.002,1318843.5
2025-10-24 01:00:00,3.002,3.009,2.989,3.0,863148.3
